-- phpMyAdmin SQL Dump
-- version 5.2.0
-- https://www.phpmyadmin.net/
--
-- Máy chủ: 127.0.0.1
-- Thời gian đã tạo: Th1 09, 2023 lúc 05:10 AM
-- Phiên bản máy phục vụ: 10.4.27-MariaDB
-- Phiên bản PHP: 7.4.33

SET SQL_MODE = "NO_AUTO_VALUE_ON_ZERO";
START TRANSACTION;
SET time_zone = "+00:00";


/*!40101 SET @OLD_CHARACTER_SET_CLIENT=@@CHARACTER_SET_CLIENT */;
/*!40101 SET @OLD_CHARACTER_SET_RESULTS=@@CHARACTER_SET_RESULTS */;
/*!40101 SET @OLD_COLLATION_CONNECTION=@@COLLATION_CONNECTION */;
/*!40101 SET NAMES utf8mb4 */;

--
-- Cơ sở dữ liệu: `petmark`
--

-- --------------------------------------------------------

--
-- Cấu trúc bảng cho bảng `chitietsanpham`
--

CREATE TABLE `chitietsanpham` (
  `id` int(11) NOT NULL,
  `anhchitiet` varchar(255) DEFAULT NULL,
  `motachitiet` text DEFAULT NULL,
  `id_sp` int(11) NOT NULL
) ENGINE=InnoDB DEFAULT CHARSET=utf8 COLLATE=utf8_general_ci;

--
-- Đang đổ dữ liệu cho bảng `chitietsanpham`
--

INSERT INTO `chitietsanpham` (`id`, `anhchitiet`, `motachitiet`, `id_sp`) VALUES
(1, 'null', 'THÀNH PHẦN: Mỗi 100ml dung dịch thuốc chứa: \r\nAnalgin ……………….. 25 g \r\nVitamin C ……………… 5 g\r\nDung môi vừa đủ ….. 100 ml\r\n CÔNG DỤNG:\r\nGiảm đau, chống phong thấp, giải độc và hạ sốt. Đặc biệt dùng hạ sốt trong tất cả các trường hợp bệnh truyền nhiễm gây sốt như: tai xanh, dịch tả, tụ huyết trùng, phó thương hàn, đóng dấu, liên cầu, sốt sữa lợn và gia súc.\r\nThuốc dùng cho tất cả gia súc, gia cầm.\r\nCHỐNG CHỈ ĐỊNH: Qúa mẫn với bất cứ thành phần nào của thuốc.\r\nCÁCH DÙNG:\r\nTiêm sâu bắp thịt, tiêm tĩnh mạch.\r\nLIỀU DÙNG:\r\n- Lợn, dê, cừu  : 10-20ml/100kgP/ngày.\r\n- Trâu, bò         : 10ml/100kgP/ngày.\r\n- Chó, mèo, gia cầm: 1ml/2,5-5kgP/ngày.\r\nTHỜI GIAN NGỪNG DÙNG THUỐC TRƯỚC KHI GIẾT MỔ: 3-5 ngày.\r\nBẢO QUẢN: Nơi thoáng mát, tránh ánh sáng.\r\nQUY CÁCH ĐÓNG GÓI: Lọ thủy tinh 100ml', 1),
(2, 'image/img-chitiet/2-1.jpg', 'Thành phần: Trong 10ml chứa:\r\n Acid lactic: 176 mg\r\n Acid salicyclic: 10 mg\r\n Tá dược vừa đủ: 10 ml\r\nChỉ định:\r\nAURIS CLEAN có tác dụng khử mùi và nhẹ nhàng làm sạch tai, ống tai, giúp loại bỏ ráy tai, bụi bẩn, vảy sừng, mô bào chết.\r\nPhòng viêm tai, nhiễm trùng tai, chống viêm tái phát.\r\n Tạo môi trường thuận lợi giúp mô bào trong tai phát triển khỏe mạnh.\r\nChống chỉ định:\r\n Động vật quá mẫn cảm với thành phần của thuốc. \r\nCách dùng và liều lượng:\r\n Giữ vành tai ngửa lên, nhỏ thuốc vào tai một lượng vừa đủ, mát xa nhẹ nhàng quanh gốc tai trong 1 phút. Dùng bông gòn lau sạch dung dịch bẩn ở vành tai và quanh ống tai.\r\n Rửa tai định kỳ dùng 1-2 lần/tuần. Tai quá bẩn rửa 2 – 3 lần/ngày.\r\nThời gian ngừng thuốc: Không\r\nBảo quản: Nơi khô ráo, thoáng mát, tránh ánh sáng trực tiếp. Nhiệt độ không quá 30ºC.', 2),
(3, 'image/img-chitiet/3-1.jpg', 'Thành phần: Trong 10 ml chứa:\r\nVitamin B1: 100 mg\r\nVitamin B2: 0.08 mg\r\nVitamin B6: 25 mg\r\nVitamin B12: 0.025 mg\r\nD-Panthenol: 2.5 mg\r\nNicotinamide: 25 mg\r\nDung môi vđ: 10 ml\r\nCông dụng:\r\nPhòng và điều trị các bệnh do thiếu Vitamin nhóm B ở chó, mèo.\r\nBổ sung các vitamin nhóm B cho cơ thể, giúp tăng cường sức đề kháng, phòng chống stress, phục hồi nhanh sau khi ốm, giúp tăng cường sự trao đổi chất, giúp hấp thu tối đa thức ăn, chống còi xương, chậm lớn, kích thích tiêu hóa, tăng trưởng nhanh.\r\nCách dùng:\r\nTiêm bắp cho chó, mèo: 1ml/ 5-7kg/TT.\r\nDùng liên tục từ 3-5 ngày.\r\nThời gian ngừng sử dụng thuốc để khai thác sản phẩm:\r\nKhông cần thời gian ngừng thuốc.\r\nBảo quản: Nơi khô thoáng, tránh ánh sáng trực tiếp, nhiệt độ không quá 30ºC.', 3),
(4, 'image/img-chitiet/4-1.jpg,image/img-chitiet/4-2.jpg', 'THÀNH PHẦN:\r\nTrong 1 tuýp IODINE 20 g có chứa 2 g Povidone iodine\r\n\r\nCÔNG DỤNG:\r\nThuốc sát khuẩn, chống nấm\r\nLIỀU VÀ CÁCH DÙNG:\r\n- Dùng bôi ngoài da.\r\n- Làm sạch vết thương hoặc vùng cần điều trị, sau đó bôi đều thuốc mỡ IODINE với lượng vừa đủ lên \r\nvùng da bị tổn thương (nốt lở loét, vùng mổ ngoại khoa, vết thương bị nhiễm trùng, vết thương nông và \r\nbỏng, thối chân, vết bầm tím, trầy xước, vùng da bị nấm...) đã được rửa sạch và để khô hoàn toàn, bôi lặp \r\nlại khi cần thiết.\r\nBẢO QUẢN:bảo quản nơi khô thoáng, nhiệt độ không quá 30ºC', 4),
(5, 'image/img-chitiet/5-1.jpg', 'THÀNH PHẦN:\r\nAmitraz \r\nDung môi vừa đủ\r\nCÔNG DỤNG:\r\nTrị ghẻ, ve, chấy, rận, bọ chét trên chó, mèo.\r\nLIỀU VÀ CÁCH DÙNG:\r\nPha vào nước rồi phun lên da hoặc tắm cho thú cưng.\r\nTrịbọ chét: 2 ml pha với 1 lít nước.\r\nTrịve, ghẻ: 3 – 4 ml pha với 1 lít nước.\r\nCứ sau 14 ngày lặp lại 1 lần cho đến khi không còn triệu chứng hoặc không thấy ký \r\nCHỐNG CHỈ ĐỊNH:\r\nNên tránh dùng amitraz ở động vật dưới bốn tháng tuổi.\r\nThận trọng khi dùng cho động vật bị tiểu đường do ảnh hưởng đến đường huyết\r\nThận trọng khi sử cho mèo, chó có trọng lượng nhỏ như: Chihuahuas…\r\nBẢO QUẢN:Nơi khô thoáng, nhiệt độ không quá 30ºC', 5),
(6, 'image/img-chitiet/6-2.jpg,image/img-chitiet/6-3.jpg', 'THÀNH PHẦN:\r\nAlbendazole .....................................................................................................250 mg\r\nDung môi vừađủ .....................................................................................................10 ml\r\nCÔNG DỤNG: Trị giun, sán.\r\nLIỀU VÀ CÁCH DÙNG:\r\nNhỏtrực tiếpvàomiệnghoặcpha vớinướcuống.\r\n- Đối với chó:\r\n+ Điều trị bệnh giun đũa, giun móc: 0,5 – 1,2 ml/ kg thể trọng.\r\n+ Tiêu diệt giai đoạn ấu trùng giun đũa, giun móc: 4 ml/ kg thể trọng/ ngày, sử dụng \r\ncho giai đoạn mang thai từ ngày thứ 30 đến khi sinh.\r\n+ Điều trị bệnh giun lươn: 4 ml/ con, ngày 2 lần, sử dụng liên tiếp 3 ngày.\r\n+ Điều trị giun thận Capillaria plica: 2 ml/ kg thể trọng/ 12 giờ, sử dụng 10 – 14 ngày.\r\n+ Điều trị sán lá phổi: 2 ml/ kg thể trọng/ ngày. Sử dụng 21 ngày.\r\n+ Điều trị bệnh nhiễm trùng ruột non do Giardia gây ra: 1 ml/ kg thể trọng, ngày sử dụng 2 lần trong 4 \r\nngày.\r\n- Đối với mèo:\r\n+ Điều trị giun thận Capillaria plica: 2 ml/ kg thể trọng/ ngày, sử dụng từ 10 – 14 ngày.\r\n+ Điều trị sán lá phổi: 2 ml/ kg thể trọng/ ngày, sử dụng trong 21 ngày.\r\nLƯU Ý: \r\n- Lắc đều thuốc trước khi sử dụng.\r\n- Không dùng cho thú mang thai trong 30 ngày đầu.\r\nBẢO QUẢN: Nơi khô thoáng, nhiệt độ không quá 30ºC', 6),
(7, 'image/img-chitiet/7-1.jpg,image/img-chitiet/7-2.jpg', 'THÀNH PHẦN: \r\nMỗi viên DOVET - TAB chứa:\r\nDoxycycline hyclate ..........................................100 mg\r\nCÔNG DỤNG:\r\nTrị viêm mũi, viêm amidan, viêm phế quản-phổi gây ho, chảy nước mũi, nhiễm khuẩn dạ dày - ruột, \r\nnhiễm khuẩn da, viêm khớp, viêm vú, viêm tử cung.\r\nLIỀU VÀ CÁCH DÙNG:\r\nUống trực tiếp.\r\n- Chó: 1 viên/ 10 – 22 kg thể trọng, sử dụng lặp lại sau 12 – 24 giờ.\r\n- Mèo:1 viên/ 22 kg thể trọng, sử dụng lặp lại sau 12 giờ.\r\nLưu ý: Tránh sử dụng ở chó con và mèo con, thú đang mang thai và cho con bú. Tránh xa tầm tay trẻ em\r\nBẢO QUẢN: Nơi khô thoáng, nhiệt độ không quá 30ºC', 7),
(8, 'NULL', 'THÀNH PHẦN:\r\nIvermectin .......................................................... 3 mg\r\nDung môi vừa đủ ................................................10 ml\r\nCÔNG DỤNG: Trị nội, ngoại ký sinh trùng\r\nĐẶC TRỊ NỘI - NGOẠI KÍ SINH TRÙNG\r\nCÁCH - LIỀU DÙNG:\r\nTiêm bắp hoặc tiêm dưới da.\r\n- Đối với chó: 0,01 ml/ 10 kg thể trọng, mỗi tháng một lần để phòng ngừa giun tim. 1 ml/ 10 kg thể trọng, tiêm một lần, 14 ngày sau tiêm lặp lại đối với ký sinh trùng ngoài da. 0,67 ml/ 10 kg thể trọng, tiêm một lần đối với ký sinh trùng đường tiêu hóa.\r\n- Đối với mèo: 0,08 ml/ 10 kgthể trọng mỗi tháng một lần để phòng ngừa giun tim.\r\nCẢNH BÁO: - Không được dùng cho động vật quá mẫn hoặc dị ứng với thuốc. - Tránh dùng cho chó dưới 6 tuần tuổi.\r\n- Ivermectin tương đối an toàn, nhưng có thể xảy ra quá liều nếu tiêm một lượng lớn hoặc nếu dùng thuốc cho chó dương tính với giun tim.\r\nBẢO QUẢN:bảo quản nơi khô thoáng, nhiệt độ không quá 30ºC', 8),
(9, 'image/img-chitiet/9-1.jpg', 'THÀNH PHẦN: Trong mỗi viên có chứa Marbooxacin 20 mg\r\nCÔNG DỤNG: Trị viêm da, nhiễm trùng đường tiết niệu, hô hấp trên chó, mèo.\r\nLIỀU VÀ CÁCH DÙNG: Cho uống trực tiếp.\r\nLiều dùng chung 2 mg/ kg thể trọng/ ngày (1 viên/ 10 kg thể trọng/ ngày). Ngày sử dụng 1 lần.\r\nCHỐNG CHỈ ĐỊNH:\r\nMarbooxacin không nên được sử dụng cho chó dưới 12 tháng hoặc dưới 18 tháng đối với các giống chó đặc biệt lớn, chẳng hạn như Great Danes, Briard, Bernese Bonvier và Mastiffs.\r\nKhông thích hợp cho các bệnh nhiễm trùng do vi khuẩn kỵ khí, nấm men hoặc nấm nghiêm trọng.\r\nBẢO QUẢN:bảo quản nơi khô thoáng, nhiệt độ không quá 30ºC', 9),
(10, 'image/img-chitiet/10-1.jpg,image/img-chitiet/10-2.jpg', 'THÀNH PHẦN :\r\nKetoconazole ...5 g\r\nAmitraz . .75 mg\r\nDung môi vừa đủ . ..250 ml\r\nCÔNG DỤNG:\r\nTrị ve, ghẻ, chấy, rận, bọ chét trên chó, mèo.\r\nLIỀU VÀ CÁCH DÙNG:\r\n- Điều trị và kiểm soát nhiễm nấm, bọ chét, ve, rận trên chó và mèo, giảm thiểu tình trạng ngứa, nứt, rát và khó chịu. Làm sạch da nhẹ nhàng, bảo vệ da, không làm khô da, làm sạch sâu giúp cho lông của chó, mèo mềm và sáng.\r\n- Làm ướt da kỹ bằng nước, sau đó lấy lượng dầu tắm vừa đủ và tạo bọt. Gội từ đầu đến chân sau. Để yên trong khoảng 5 phút rồi tắm kỹ lại với nước sạch. Mỗi tuần tắm một lần.\r\nCHÚ Ý:\r\n- Chỉ sử dụng tại chỗ. Tránh tiếp xúc với mắt.\r\n- Không dùng cho chó con mới sinh.\r\n- Nếu xảy ra tình trạng kích ứng da nên ngừng sử dụng hoặc gọi bác sĩ thú y.\r\n- Để xa tầm tay trẻ em và vật nuôi.\r\n- Rửa tay sạch sau khi sử dụng.\r\nBẢO QUẢN:Nơi khô thoáng, nhiệt độ không quá 30 ngày.', 10),
(11, 'image/img-chitiet/11-1.jpg,image/img-chitiet/11-2.jpg,image/img-chitiet/11-3.jpg', 'THÀNH PHẦN :\r\nTrong 5g chứa:​ \r\nGentamycin Sulfat……………….80 mg \r\nTylosin tartrate…………………..400 mg \r\nDexamethasone………………….1,25 mg \r\nTá dược vđ……………………….5 g \r\n\r\nCHỈ ĐỊNH - Thuốc đặc trị các bệnh nhiễm trùng cấp: \r\nViêm ruột, kiết lỵ, ỉa ra máu tươi, nôn mửa, bỏ ăn, bại liệt. \r\n- Điều trị viêm phổi, viêm phế quản. \r\n- Đặc biệt điều trị bệnh Ho cũi chó, suyễn, Lepto, Viêm đường niệu, sinh dục, tử cung gây xảy thai, Bệnh viêm đa khớp, thối móng, loét da ở chó mèo.\r\n\r\n CÁCH DÙNG VÀ LIỀU LƯỢNG Pha nước với liều lượng thuốc vừa đủ, đổ trực tiếp vào miệng hoặc trộn thức ăn, dùng liên tục 3-5 ngày. \r\n- Chó: 1g/2kgTT/lần/ngày. \r\n- Mèo: 1g/2-2,5kgTT/lần/ngày. Trường hợp bệnh nặng, tăng liều gấp đôi. \r\n\r\nTHỜI GIAN NGỪNG THUỐC KT thịt: 21 ngày. \r\n\r\nBẢO QUẢN Nơi khô, tránh ánh sáng, nhiệt độ dưới 30ºC.', 11),
(12, 'image/img-chitiet/12-1.jpg', 'THÀNH PHẦN: Trong 100g chứa: \r\nAmpicillin Trihydrate ............ 5g\r\nColistin Sulfate ... 11.000.000 UI\r\nVitamin A .................. 15.000 UI\r\nVitamin B1....................... 50 mg\r\nVitamin B6 ...................... 50 mg\r\nVitamin C ............................. 3 g\r\nLactose, Dextrose vừa đủ ... 100 g\r\nCÔNG DỤNG:\r\nPhòng trị viêm ruột tiêu chảy, viêm xoang mũi, viêm móng, viêm khớp.\r\nĐẶC ĐIỂM:\r\nSự phối hợp của Ampicillin và Colistin giúp điều trị hiệu quả các trường hợp nhiễm khuẩn do E.coli, Salmonella, Clostridia, viêm phổi, viêm rốn và các nhiễm khuẩn khác ở gia súc, gia cầm.\r\nLIỀU LƯỢNG VÀ CÁCH DÙNG:\r\n* Trị bệnh:\r\n- Gia cầm: Pha đều 2g / lít nước uống hoặc 4g/ kg thức ăn hoặc 1g / 5kg thể trọng / ngày, trong 4-5 ngày.\r\n- Heo con, bê, nghé: 1g / 7 kg thể trọng / ngày, trong 3 ngày.\r\n* Phòng bệnh: Dùng 1/2 liều trị bệnh, trong 3-4 ngày.\r\nTHỜI GIAN NGỪNG THUỐC: Thịt: 3 ngày.\r\nBẢO QUẢN: Nơi khô thoáng.', 12),
(13, 'image/img-chitiet/13-1.jpg,image/img-chitiet/13-2.jpg,image/img-chitiet/13-3.jpg', 'THÀNH PHẦN:\r\nDoxycycline (as hyclate)\r\nTá dược vừa đủ\r\nCÔNG DỤNG:\r\nChó, mèo: Chuyên trị nhiễm trùng đường hô hấp như viêm mũi, viêm hạch amidan và viêm phế quản do Pasteurella spp, Bordetella bronchiseptica, Staphylococcus aureus, Staphylococcus spp và Streptococcus spp; nhiễm ký sinh trùng Toxoplasma.\r\nLIỀU LƯỢNG VÀ CÁCH DÙNG:\r\nChó, mèo: 1 viên / 10 kg thể trọng / ngày, 3 – 5 ngày.\r\nThuốc được cấp qua đường uống. Có thể nghiền thuốc ra và pha với sữa hoặc nước cho uống.\r\nLƯU Ý: Không sử dụng thuốc cho thú đang mang thai.\r\nCHỐNG CHỈ ĐỊNH: Không dùng cho thú mẫn cảm với thành phần của thuốc.\r\nTHỜI GIAN NGỪNG THUỐC: Không có.\r\nBẢO QUẢN: Nơi khô thoáng, nhiệt độ không quá 30ºC.', 13),
(14, 'image/img-chitiet/14-1.jpg', 'THÀNH PHẦN: Fipronil - Alcohol vừa đủ\r\nCÔNG DỤNG: Diệt ve, rận, bọ chét ở chó, mèo. CÁCH DÙNG:\r\nVạch ngược lông, đặt vòi xịt cách bề mặt da 10 cm, rồi xịt thuốc trực tiếp lên da.\r\nTrường hợp nhiễm ve it hoặc nhiễm rận, bọ chét, cái ghẻ: Xịt 3 ml /\r\nkg thể trọng (15 lần xịt).\r\n Trường hợp nhiễm ve nặng: Xịt 6 ml / kg thể trọng (30 lần xịt).\r\n Đặc biệt chú ý đến các kẽ móng chân, tai, quanh cổ là các vùng thường nhiễm nhiều ve.  Dùng tay xoa đều thuốc sau vài lần xịt để thuốc phân bổ đều khắp cơ\r\nthe.\r\nĐẶC ĐIỂM: Thuốc phun xịt BIO-FINIL giúp diệt sạch ve, rận, bọ chét và ghẻ Sarcoptes trên cơ thể chó, mèo với hiệu quả kéo dài 4 – 6 tuần.\r\nLƯU Ý: Lắc kỹ trước khi dùng.\r\n Phun thuốc ở nơi thông thoảng.\r\nMang khẩu trang và bao tay khi phun thuốc, không phun thuốc vào mắt, mũi, miệng chó, mèo.\r\n Rửa tay sau khi sử dụng. • Dùng lặp lại lần 2 sau 4 - 6 tuần nếu bị tái nhiễm.\r\n Không cho chó, mèo ở gần nguồn lửa trong vòng 30 phút sau khi phun thuốc và không tắm trong vòng 48 giờ sau khi phun thuốc.\r\n Để chai thuốc cách xa tầm tay trẻ em, nguồn nhiệt.\r\n Thuốc dùng ngoài\r\nCHỐNG CHỈ ĐỊNH: Không sử dụng cho thú mẫn cảm với thành phần của\r\nthuốc.\r\nTHỜI GIAN NGỪNG THUỐC: Không có.\r\nBẢO QUẢN: Nơi khô thoáng, nhiệt độ không quá 30°C.', 14),
(15, 'image/img-chitiet/15-1.jpg', 'THÀNH PHẦN:\r\nGentamicin (as sulfate) Betamethasone Clotrimazole Dung môi vừa đủ\r\nCÔNG DỤNG: Trị viêm tai ngoài trên chó.\r\nLIỀU LƯỢNG VÀ CÁCH DÙNG:\r\nNhỏ trực tiếp vào tai.\r\nCHỐNG CHỈ ĐỊNH: Không sử dụng cho thú mẫn cảm với thành phần của\r\nthuốc.\r\nTHỜI GIAN NGỪNG THUỐC: Không có.\r\nBẢO QUẢN: Nơi khô thoáng, nhiệt độ không quá 30°C', 15),
(16, 'image/img-chitiet/16-1.jpg', 'Thành phần: \r\nProtein (min)Threonine (min)Chất béo (min)Tryptophan (min)Chất xơ (max)Vitamin A (min)Ca (min - max)Vitamin D3 (min)P (min)Vitamin E (min)Lysine (min)Vitamin B1 (min)Methionine (min)Vitamin B12 (min)\r\nCÔNG DỤNG:\r\nBIO MILK For Pet với thành phần giàu chất dinh dưỡng, cân đối và rất dễ tiêu hóa tương tự sữa mẹ, có tác dụng thay thế sữa mẹ trong trường hợp chó, mèo mất sữa, kém sữa hoặc thiếu sữa do bầy con quá đông, đồng thời là nguồn bổ sung chất dinh dưỡng cho chó mèo còi cọc, chậm lớn.\r\nHƯỚNG DẪN SỬ DỤNG:\r\nChó, mèo con dưới 1 tháng tuổi: Hòa 1 muỗng café (5g) sữa với 20 ml nước ấm, dùng bình cho bú ngày 4-5 lần.\r\nChó, mèo con từ 1-2 tháng tuổi: Hòa 1 muỗng café (5g) sữa với 15 ml nước ấm, dùng đĩa hoặc máng cho uống tự do ngày 3-4 lần.\r\nChó, mèo trên 2 tháng tuổi: Ngoài thức ăn thông thường, cho ăn thêm 1 muỗng café (5g)/ kg thể trọng/ ngày, bằng cách trộn vào thức ăn hoặc hòa với nước ấm cho uống.\r\nChó, mèo còi cọc, chậm lớn hoặc đang mắc bệnh: Ngoài thức ăn thông thường, cho ăn thêm 2 muỗng café (10g)/ kg thể trọng / ngày, bằng cách trộn vào thức ăn hoặc hòa với nước ấm cho uống.\r\nĐIỀU KIỆN BẢO QUẢN: Bảo quản nơi khô mát', 16),
(17, 'image/img-chitiet/17-1.jpg', 'THÀNH PHẦN: Trong 1 viên 600 mg\r\nPraziquantel\r\nPyrantel Pamoate\r\n\r\nCÔNG DỤNG:\r\nTẩy sạch các loại giun sán ký sinh trong ruột chó, mèo như: Giun đũa, giun móc, giun tóc, sán dây.\r\n\r\nLIỀU LƯỢNG VÀ CÁCH DÙNG:\r\nChó:    Tẩy 1 liều duy nhất: 1 viên / 5 kg thể trọng. Cho uống trực tiếp hoặc nghiền nhỏ rồi trộn vào thức ăn cho ăn.\r\n            Chó con từ 1 đến 4 tháng tuổi: Mỗi tháng tẩy 1 lần.\r\n            Chó lớn mỗi 6 tháng tẩy 1 lần.\r\n            Chó mang thai tẩy 2 tuần trước khi sinh.\r\n \r\nMèo:   Tẩy 1 liều duy nhất: 1 viên / 4 kg thể trọng. Cho uống trực tiếp hoặc nghiền nhỏ rồi trộn vào thức ăn cho mèo ăn.\r\n            Mèo con tẩy lúc 6, 8 và 12 tuần tuổi, sau đó mỗi 3 tháng tẩy 1 lần.\r\n            Mèo cái: Tẩy trước lúc có mang, mười ngày trước khi sinh và 3 tuần sau khi sinh.\r\n            Mèo đực: Mỗi 6 tháng tẩy 1 lần.\r\n\r\nLƯU Ý: Không phối hợp với bất kỳ thuốc tẩy giun sán nào khác.\r\n\r\nBẢO QUẢN:Nơi khô thoáng, nhiệt độ không quá 30ºC.', 17),
(18, 'image/img-chitiet/18-1.jpg', 'THÀNH PHẦN:\r\nNeomycin (as Sulfate)\r\nStreptomycin (as Sulfate)\r\nAtropine (as Sulfate)\r\nLactose, Dextrose vừa đủ\r\nCÔNG DỤNG:\r\nĐặc trị bệnh viêm ruột, tiêu chảy, ó mửa ở chó, mèo.\r\nLiều dùng và cách dùng: 1g/ 5kg thể trọng. Pha thuốc vào 1 ít nước và bơm vào miệng cho thú cưng.\r\nBẢO QUẢN:Nơi khô thoáng, nhiệt độ không quá 30ºC.', 18),
(19, 'NULL', 'THÀNH PHẦN:\r\n\r\nPolyquaternium\r\nD-Panthenol\r\nVitamin E\r\nVitamin B6\r\nSodium Lauryl, Ether Sulphate, Citric Acid,\r\nmùi, nước tinh khiết vừa đủ\r\n\r\nCÔNG DỤNG:\r\n\r\nDùng để tắmchó và mèo\r\nLàm sạch lông, chống rụng lông.\r\nKhử mùi hôi.\r\nDưỡng lông, giúp lông siêu mượt.\r\nPhòng ngừa nhiễm ghẻ và nấm da.\r\n\r\nCÁCH DÙNG:\r\n\r\nChó, mèo:\r\nLàm ướt toàn bộ lông, cho sữa tắm lên lông và xát đều trong 1-2 phút. Để yên 5 phút rồi tắm sạch bằng nước thường. Mỗi tuần tắm 1-2 lần.\r\nLƯU Ý:Thuốc dùng ngoài.\r\nBẢO QUẢN: Nơi khô thoáng, nhiệt độ không quá 30ºC.', 19),
(20, 'NULL', 'THÀNH PHẦN: \r\nAmitraz\r\nKetoconazole\r\nNước tinh khiết vừa đủ\r\nCÔNG DỤNG: \r\nPhòng và trị ghẻ trên chó do demodex, sarcoptes, bọ chét kết hợp với nấm da gây triệu chứng: Hôi lông, rụng lông, khô da hoặc chảy dịch vàng, chảy máu trên da. \r\nCÁCH DÙNG:\r\nLàm ướt toàn bộ lông, cho dầu tắm lên lông và xát đều trong 1-2 phút, để yên 5 phút rồi tắm sạch bằng nước thường. Mỗi tuần tắm 1 lần.\r\nLƯU Ý: \r\nKhông dùng cho chó con mới sinh.\r\nTránh để dầu tắm tiếp xúc với mắt của chó.\r\nRửa sạch tay sau khi tắm chó.\r\nĐể dầu tắm cách xa trẻ em.\r\nThuốc dùng ngoài.\r\nCHỐNG CHỈ ĐỊNH: Không sử dụng cho thú mẫn cảm với thành phần của thuốc.\r\nTHỜI GIAN NGỪNG THUỐC: Không có.\r\nBẢO QUẢN: Nơi khô thoáng, nhiệt độ không quá 30oC.', 20),
(21, 'image/img-chitiet/21-1.jpg,image/img-chitiet/21-2.jpg', 'THÀNH PHẦN: Trong 5 g\r\nVitamin A           Vitamin K3\r\nVitamin D3         Niacinamide\r\nVitamin E           Biotin\r\nVitamin B1         Folic acid\r\nVitamin B2         Natri Bicarbonate\r\nCalcium Pantothenate        Natri Chlorua\r\nVitamin B6         Kali Chlorua\r\nVitamin B12        Lactose, Dextrose vừa đủ.................. 5 g\r\nCÔNG DỤNG:\r\nCung cấp vitamin và chất điện giải giúp thú cưng mau lành bệnh, ăn nhiều, bộ lông bóng mượt, chống rụng lông cho chó, mèo.\r\nLIỀU LƯỢNG VÀ CÁCH DÙNG:\r\nChó, mèo: 1 g / 7 kg thể trọng. Ngày 1 lần.\r\nBẢO QUẢN: Nơi khô thoáng, nhiệt độ không quá 30ºC.', 21),
(22, 'image/img-chitiet/22-1.jpg', 'THÀNH PHẦN: Trong 5 g\r\nLactobacillus acidophilus\r\nBacillus subtilis\r\nSaccharomyces cerevisiae\r\nAspergillus oryzae\r\nVitamin A\r\nVitamin D3\r\nFolic acid\r\nNicotinamide\r\nVitamin B1\r\nLactose, Dextrose vừa đủ\r\nCÔNG DỤNG: Cung cấp vitamin và vi khuẩn có lợi, tăng cường tiêu hóa, phòng ngừa viêm ruột, tiêu chảy, phù đầu trên gia súc, gia cầm, thú cưng.\r\nLIỀU LƯỢNG VÀ CÁCH DÙNG: Dùng liên tục\r\nThú nhỏ và gia cầm: 1,5 g / lít nước hoặc 3 g / kg thức ăn hoặc 1 g / 7 – 10 kg thể trọng.\r\nĐẶC ĐIỂM: Biotic bổ sung các vi khuẩn có ích và các vitamin cần thiết, giúp ức chế các vi khuẩn có hại trong đường ruột, làm giảm tiêu chảy ở thú cưng.\r\n- Tăng tiêu hóa và hấp thu thức ăn, giúp tăng trọng nhanh.\r\n- Giảm khí độc và mùi hôi trong chuồng nuôi.\r\nCHỐNG CHỈ ĐỊNH: Không dùng cho thú mẫn cảm với thành phần của sản phẩm.\r\nBẢO QUẢN: Nơi khô thoáng, nhiệt độ không quá 25ºC.', 22),
(23, 'image/img-chitiet/16-1.jpg', 'THÀNH PHẦN \r\n Doxycyclin HCl: 125 mg. \r\nSulfadimidin sodium: 125 mg. \r\n Tá dược vừa đủ: 5 g \r\nCÔNG DỤNG Đặc trị các bệnh chó mèo: – kiết lị, ỉa ra máu tươi, sốt, nôn mửa, bỏ ăn. – viêm mũi, xoang, phế quản, phổi. – viêm tử cung, vú, khớp, móng. – nhiễm trùng sau sinh sản. \r\nCÁCH DÙNG VÀ LIỀU LƯỢNG Trộn vào thức ăn hoặc hòa nước cho uống. 1 gói 5 g dùng cho 5 – 10 kg TT/lần, 2 lần/ngày. Dùng liên tục 3 – 5 ngày. \r\nTHỜI GIAN NGỪNG THUỐC Khai thác thịt: 07 ngày.\r\nCHỐNG CHỈ ĐỊNH: Không dùng cho thú mẫn cảm với thành phần của sản phẩm.\r\nBẢO QUẢN: Nơi khô thoáng, nhiệt độ không quá 25ºC.', 23),
(24, 'image/img-chitiet/24-1.jpg', 'THÀNH PHẦN\r\nKetoconazole………………………………………………25 mg\r\nNeomycine sulfat…………………………………………40 mg\r\nDexamethasone SP……………………………………800 mcg\r\nTá dược vừa đủ………………………………………………..1 g\r\nCHỈ ĐỊNH\r\nĐặc trị các bệnh nấm toàn thân, đường tiêu hóa, sinh dục và tiết niệu. Biểu hiện như: Rụng lông, nổi mụn từ trong da, thối lỗ chân lông, bong vẩy, nứt da thịt….\r\nBảo vệ vết thương, chống nhiễm khuẩn, nhiễm nấm, giúp vết thương mau lành.\r\nCÁCH DÙNG – LIỀU LƯỢNG\r\nBôi ngày 1 – 2 lần kết hợp uống 1 – 2 g cho 50 kg thể trọng. Dùng liên tục 5 – 7 ngày.\r\nLưu ý: Tránh bôi lên diện rộng, tránh dùng chung với xà phòng hay thuốc tẩy có tính acid\r\nCHỐNG CHỈ ĐỊNH: Không dùng cho thú mẫn cảm với thành phần của sản phẩm.\r\nBẢO QUẢN: Nơi khô thoáng, nhiệt độ không quá 25ºC.', 24),
(25, 'image/img-chitiet/25-1.jpg', 'THÀNH PHẦN Betain, Methionine,\r\nCholine chloride, Arginin, Nước cất.\r\nBetain* (min)..18.000mg\r\n-Methionine* (min).9.000mg\r\n- Choline (min)..6.000mg\r\n-Arginin* (min)..4.000mg\r\nDung môi vừa đủ (chiết xuất đông trùng hạ thảo,\r\nkim ngân hoa, atiso)\r\n1 lít\r\nLưu ý: (*) là chất chính của sản phẩm.\r\n- Chất cấm, Hormone: Không có.\r\nCÔNG DỤNG\r\n- Bảo vệ gan, thận trong các bệnh gây tổn thương\r\ntrên gan, thận như: Ký sinh trùng đường máu.\r\n- Đào thải những chất độc ở gan, thận và trong cơ\r\nthể khi mắc bệnh hoặc sau khi điều trị bằng kháng\r\nsinh, gan nhiễm mỡ.\r\n- Tăng miễn dịch, tăng sức đề kháng, tăng tiết mật,\r\ntiêu hóa tốt, ngon miệng, hồng da, mướt lông.\r\nLIỀU DÙNG VÀ CÁCH SỬ DỤNG\r\n- Chó, mèo: Giải độc cấp cuứ, 1ml/5kg thể trọng, sử\r\ndụng liên tục trong 3-5 ngày.\r\n- Chó, mèo: Sử dụng định kỳ, 1ml/10kg thể trọng, 2-3\r\nlần/tháng, một đợt nên sử dụng từ 5-7 ngày.\r\nBẢO QUẢN\r\n- Nơi khô ráo,', 25),
(26, 'image/img-chitiet/26-1.jpg,image/img-chitiet/26-2.jpg', 'THÀNH PHẦN\r\nTrong 1 ml chứa:\r\nTildipirosin 40 mg\r\nCÔNG DỤNG\r\nTrị nhiễm trùng đường hô hấp trên heo do vi khuẩn nhạy với Tildipirosin gây ra (như viêm phổi-màng phổi, tụ huyết trùng, viêm teo xoang mũi truyền nhiễm, bệnh Glasser-viêm đa xoang)\r\nHƯỚNG DẪN SỬ DỤNG\r\nTiêm bắp 1 liều duy nhất.\r\nHeo: 1 ml/10 kg thể trọng. Không tiêm quá 5 ml tại 1 vị trí tiêm.\r\nNếu bệnh không giảm hoặc khỏi sau 2-3 ngày nên chẩn đoán lại bệnh hoặc thay đổi thuốc.\r\nNgoài trị nhiễm trùng đường hô hấp Tildivitryl còn hiệu quả trong ngăn ngừa và điều trị bội nhiễm ở bệnh tai xanh.\r\nThời gian ngừng sử dụng: Trước khi giết mổ 9 ngày.\r\nBẢO QUẢN: Nơi khô mát và tránh ánh sáng. Để xa tầm tay trẻ em.', 26),
(27, 'image/img-chitiet/27-1.jpg', 'THÀNH PHẦN:\r\nTrong 1 ml có chứa:\r\nChlorhexidine digluconate  20 mg\r\nMiconazole nitrate 20 mg\r\nTá dược vừa đủ (Nước tinh khiết, cocamidopropyl betaine, sodium laureth sulfate, sodium lauryl sulfate, glycerin, perfume, brightening agent, chất bảo quản).\r\nCÔNG DỤNG:\r\nDùng để tắm cho chó và mèo.\r\n- Micona Shampoo chứa các hoạt chất đặc biệt và mùi hương dịu nhẹ giúp làm sạch lông, chống rụng lông, giữ ẩm da, khử mùi hôi, dưỡng lông, giúp lông siêu mượt.\r\n- Phòng trị các bệnh da lông rất thường xảy ra trên thú cưng như: Nấm da, viêm nang lông, viêm da, ...gây ngứa ngáy, rụng lông, gãy lông, da sần sùi da, bong tróc, có các đốm nấm da đỏ, tròn như đồng xu hoặc hình nhẫn (lác đồng tiền),...\r\nLIỀU DÙNG:\r\nLàm ướt toàn bộ lông chó mèo, cho lượng vừa đủ sữa tắm lên lông, xát đều từ đầu đến chân để tạo bọt, để yên trong 2-5 phút, sau đó xả thật sạch bằng nước thường. Mỗi tuần tắm 1-2 lần.\r\n Chú ý:\r\n- Thoa kỹ sữa tắm vào các vùng da lông quanh môi, dưới tai, giữa các móng để phòng trị bệnh ngoài da.\r\n- Tránh để sữa tắm dính vào mắt, lọt vào trong tai và chó mèo liếm khi sử dụng.\r\nBẢO QUẢN:\r\nNơi khô mát, không quá 30 độ C.', 27),
(28, 'image/img-chitiet/28-1.jpg,image/img-chitiet/28-2.jpg', 'THÀNH PHẦN Trong 1kg chứa:\r\nDoxycycline hyclate................................500 g\r\nTá dược đặc biệt ............................................... 1 kg\r\nCHỈ ĐỊNH\r\nGia cầm: Đặc trị viêm mũi, viêm phổi (CRD), viêm phổi ghép, viêm đường tiêu hóa với các biểu hiện: hen nặng, hen sưng phù đầu, hen ghép E.coli kết hợp (CCRD), hen ghép tiêu chảy, Coryza, bạch lỵ, thương hàn. \r\nHeo: Đặc trị bệnh viêm phổi do Mycoplasma gây ho khan, ho kéo dài, viêm phổi dính sườn, lepto, hồng lỵ.\r\nCÁCH DÙNG VÀ LIỀU LƯỢNG\r\nPha nước uống hoặc trộn thức ăn, liệu trình 3-5 ngày liên tục.\r\nLiều trị:\r\nGia cầm: 1g/20kgTT/ngày hoặc 6g/10kgTĂ hay 3g/10lít nước/ngày.\r\nHeo: 1kg/2tấnTĂ hoặc 20-25g/100 lít nước uống/ngày.\r\nLiều phòng: Dùng bằng ½ liều trị.\r\nTHỜI GIAN NGỪNG THUỐC\r\nKhai thác thịt 05 ngày!\r\nBẢO QUẢN\r\nNơi khô, nhiệt độ dưới 300C, tránh ánh sáng!', 28),
(29, 'NULL', 'THÀNH PHẦN Trong 1 kg chứa:\r\nFlorfenicol......................................500 g\r\nTá dược vđ......................................1 kg\r\nCHỈ ĐỊNH\r\nGia cầm: Đặc trị (CRD) - khò khe, CRD sưng đầu, CRD ghép E.coli kết hợp (CCRD), CRD ghép ORT, CRD ghép tiêu chảy, Coryza, bạch lỵ, thương hàn.\r\nHeo: Đặc trị bệnh viêm phổi do Mycoplasma gây ho khan, ho kéo dài; viêm phổi dính sườn, phó thương hàn, tụ huyết trùng, bệnh do E.coli: phân trắng, phân vàng.\r\nCÁCH DÙNG VÀ LIỀU LƯỢNG\r\nPha nước uống hoặc trộn thức ăn, liệu trình 3-5 ngày liên tục.\r\nGia cầm : 100g/5.000kgTT/ngày hoặc 1g/10 lít nước.\r\nHeo: 10g/1.000kgTĂ/ngày.', 29),
(30, 'image/img-chitiet/30-1.jpg', 'THÀNH PHẦN Trong 1 lít chứa:\r\nFlorfenicol..........................................................250 g\r\nDung môi đặc biệt (Glycerin, Polyvinya Alcohol) vđ....1 lít  \r\nCHỈ ĐỊNH\r\nAZ.FLOTEC 25 được đặc chế cho gia cầm. Đặc trị: ORT, CRD (bệnh hen gà), hen sưng phù đầu, hen ghép E.coli kết hợp (CCRD), CRD ghép tiêu chảy, CRD ghép Coryza, bạch lỵ, thương hàn. Hiệu quả cao khi các thuốc khác đã bị nhờn.\r\nCÁCH DÙNG VÀ LIỀU LƯỢNG\r\nGà, vịt, chim cút: Liều trung bình 1ml/25kgTT/ngày hay 1ml/5 lít nước.\r\nPha nước uống hoặc trộn thức ăn 3-5 ngày liên tục.\r\nTrong 3 ngày đầu điều trị nên cho uống liều cao gấp 1,5 lần liều trung bình, các ngày sau uống theo liều trung bình.\r\nLiều phòng bằng 1/2 liều trị.\r\nTHỜI GIAN NGỪNG THUỐC\r\nKhông!\r\nBẢO QUẢN\r\nNơi khô, nhiệt độ dưới 30 độ C, tránh ánh sáng!\r\nQuy cách: 1 lít.', 30),
(31, 'image/img-chitiet/31-1.jpg', 'Công dụng:\r\n- Trị tụ huyết trùng, hô hấp, viêm ruột hoại tử thương hàn, tiêu chảy, phân xanh, phân vàng, viêm da, viêm vú viêm tử cung trên trâu, bò, lợn, gia cầm.\r\nLiều dùng và cách sử dụng:\r\n- Heo, gia cầm: 1g/25kg thể trọng hoặc hòa tan 1g/2,5 lit nước hoặc trộn 1g/1-1,5kg thức ăn.\r\n- Sử dụng trong 3-5 ngày.\r\nChống chỉ định:\r\n- Không sử dụng cho thủ nhạy cảm với nhóm Betalactam và Colistin.\r\nThời gian ngưng sử dụng thuốc:\r\n- Lấy thịt: 07 ngày.\r\nBảo quản: Nơi khô ráo, thoáng mát, tránh ánh sáng trực tiếp, nhiệt độ dưới 30°C.', 31),
(32, 'NULL', 'THÀNH PHẦN Trong 1kg chứa:\r\nFlorfenicol...........................................200g\r\nDoxycyclin hyclate..............................100g\r\nBromhexine HCl...................................10g\r\nVitamin C..............................................20g\r\nTá dược vđ............................................1kg\r\nCÔNG DỤNG\r\n- Gà, vịt, ngan, cút: Đặc trị các bệnh đường hô hấp như: hen khò khè khó thở (CRD), bệnh hen ghép E.coli (CCRD), tụ huyết trùng (toi), thương hàn, sưng mặt, vẩy mỏ ( bệnh hen khẹc ở ngan, vịt), viêm ruột - tiêu chảy.\r\n- Heo, trâu, bò, dê, cừu: Đặc trị các bệnh viêm đường hô hấp, viêm màng phổi (APP), hen suyễn (Mycoplasma), ho khò khè, viêm teo mũi, tụ huyết trùng, thương hàn, viêm ruột - tiêu chảy, sốt bỏ ăn.\r\nCÁCH DÙNG VÀ LIỀU LƯỢNG\r\nTrị bệnh:\r\n- Gà, vịt, ngan, cút: 1g/2 lít nước hoặc 1g/kgTĂ hoặc 1g/10-15kgTT, liên tục 3-5 ngày.\r\n- Heo, trâu, bò, dê, cừu: 1g/3 lít nước hoặc 1g/1,5kgTĂ hoặc 1g/20-25kgTT, trong 5 ngày.\r\n\r\nPhòng bệnh: dùng bằng 1/2 liều trị.\r\nBảo quản: Nơi khô ráo, thoáng mát, tránh ánh sáng trực tiếp, nhiệt độ dưới 30°C.', 32),
(33, 'image/img-chitiet/33-1.jpg,image/img-chitiet/33-2.jpg', 'Thành phần:  trong 1 kg chứa:\r\nGentamycin (Sulfate)....................................160.000 IU\r\nTylosin Tartrate.......................................................80 g\r\nVitamin A..................................................................5 g\r\nTá dược vừa đủ................................................1.000 g\r\nCHỈ ĐỊNH\r\nTrâu, bò, heo, dê, bê, chó: viêm phổi, ho suyễn, chảy nước mũi, kiết lỵ, ỉa ra máu. Bệnh phân trắng, phân vàng, bệnh sưng phù đầu của heo con.\r\nGà, vịt, ngan, chim cút: hen gà (CRD) thở khò khè, hen ghép đi ỉa, hen sưng đầu, khẹc vịt, bại liệt, sưng đầu, sưng mặt, mắt dính, sốt cao, tụ huyết trùng, mất định hướng, chết đột ngột, tiêu chảy, phân xanh, phân trắng.\r\nLIỀU LƯỢNG VÀ CÁCH SỬ DỤNG\r\nPha nước uống hoặc trộn thức ăn, liệu trình 3-5 ngày liên tục.\r\nTrâu, bò, heo, dê, bê, chó: 100g/500kgTT/ngày\r\nhoặc 100g/80 lít nước uống hay 100g/100kgTĂ.\r\nGà, vịt, gà, chim cút: 100g/300-500kgTT/ngày\r\nhoặc 100g/50 lít nước uống hay 100g/50kgTĂ.\r\nĐặc biệt: thuốc còn dùng để úm gà, vịt, ngan, chim cút, ngỗng dùng bằng 1/3 liều chữa.\r\nTHỜI GIAN NGỪNG THUỐC\r\nKhai thác thịt: 7 ngày! \r\nBẢO QUẢN\r\nNơi khô, nhiệt độ dưới 300C, tránh ánh sáng!', 33),
(34, 'image/img-chitiet/34-1.jpg,image/img-chitiet/34-2.jpg', 'Thành phần :\r\nAmoxycilin 10g\r\nColistin sulfate 40 MUI\r\nTá dược vđ 100g\r\nCÔNG DỤNG\r\nTrâu bò, dê cừu: Điều trị các bệnh đường tiêu hóa, hô hấp, đặc biệt các bệnh do E.coli, tụ huyết trùng. Gà, vịt: Tiêu chảy nặng, phân có dịch nhầy màu nâu, xanh hoặc trắng, viêm ruột hoại tử, viêm khớp, viêm rốn, viêm phổi…\r\nLợn: Tiêu chảy nhiều gây mất nước, phân lỏng màu vàng, xanh hoặc trắng. Đặc biệt trong trường hợp mất nước do E.coli gây phù thũng ở ruột. Lợn đi lảo đảo, đầu nghiêng, lợn ngồi ở tư thế chó ngồi, nằm sấp, co giật liên tục, mi mắt sưng.\r\n\r\nLiều dùng và cách dùng: \r\n- Trâu, bò, ngựa: 10g/100 - 150 kg TT/ngày.\r\n- Lợn, dê, cừu: 10g/50 - 70 kg TT/ ngày.\r\n- Gà, vịt: 10g/25 - 35 kg TT/ ngày. Liều chung 10g/10 lít nước uống hoặc 20g/10 kg thức ăn.\r\nBẢO QUẢN\r\nNơi khô, nhiệt độ dưới 30ºC, tránh ánh sáng!', 34),
(35, 'image/img-chitiet/35-1.jpg', 'THÀNH PHẦN:\r\nAmoxicillin (as Trihydrate)\r\nTylosin (as Tartrate)\r\nLactose, Dextrose vừa đủ.\r\n\r\nCÔNG DỤNG:\r\nPhòng ngừa và điều trị rất công hiệu bệnh đường HÔ HẤP (CRD ở gia cầm, viêm phổi do Mycoplasma ở heo), nhiễm trùng đường TIÊU HÓA, tiêu chảy, nhiễm trùng cơ quan TIẾT NIỆU và SINH DỤC.\r\n\r\nLIỀU LƯỢNG VÀ CÁCH DÙNG: Liều chung cho heo, gà, vịt, gà đá:\r\nPhòngbệnh: Pha đều2 g / 1 lít nước uống hoặc 1 g / kg thức ăn, trong 5 ngày.\r\nTrị bệnh:Pha đều 4 g / 1 lít nước uống hoặc 2 g / kg thức ăn hoặc 1 g / 7 kg thể trọng, trong 7 ngày.\r\n\r\nLƯU Ý: Ngưng sử dụng thuốc 7 ngày trước khi giết mổ.\r\n\r\nBẢO QUẢN: Nơi khô thoáng, nhiệt độ không quá 30ºC.', 35),
(36, 'image/img-chitiet/36-1.jpg', 'THÀNH PHẦN:\r\nAmpicillin Trihydrate\r\nColistin Sulphate\r\nParacetamol\r\nPotassium Chloride\r\nĐẶC ĐIỂM:\r\nBIO-AMPI COLI MAX với sự kết hợp hoàn hảo của 2 kháng sinh Ampicillin và Colistin, tạo ra một loại thuốc có phổ kháng khuẩn rộng, hiệu quả với những vi khuẩn Gram âm, Gram dương và Mycoplasma. Ngoài ra còn có Paracetamol, chất điện giải giúp nâng cao hiệu quả điều trị, ngay cả khi thú bệnh, bị sốt cao và mất nước.\r\nCÔNG DỤNG:\r\nĐặc trị các bệnh tiêu chảy phân xanh, phân trắng, phân vàng nhớt có máu, thương hàn, sưng phù đầu, tụ huyết trùng, viêm phổi, viêm màng phổi gây ra bởi vi khuẩn E.coli, Salmonella, Clostridium, Mycoplasma, Heamophilus spp.\r\nLIỀU DÙNG:\r\nTrị bệnh: Dùng liên tục 3 - 5 ngày\r\nGia cầm: 1 g / 2 lít nước hoặc 100 g / 1.000 kg thể trọng.\r\nHeo, bê, nghé: 100 g / 2.000 kg thể trọng.\r\nPhòng bệnh: Bằng 1/2 liều trị bệnh.\r\nLƯU Ý: Ngưng dùng thuốc 7 ngày trước khi giết mổ.\r\nBẢO QUẢN: Nơi khô thoáng, nhiệt độ phòng không quá 30ºC.', 36),
(37, 'NULL', 'Thành phần: Trong 100g bột thuốc chứa\r\nNeomycin sulfate        : 16,66 gram\r\nSulfaguanidine                   : 16,66 gram\r\nTá dược và phụ gia vđ       :   100 gram\r\n CÔNG DỤNG\r\n  Lợn: Điều trị phân trắng, phân vàng, phân bùn, hồng lỵ (kiết lỵ), ỉa chảy mất nước, bệnh phù thũng lợn con, viêm ruột hoại tử, tụ huyết trùng, thương hàn…\r\n  Gà, vịt, ngan, ngỗng, chim cút: phân xanh, phân trắng, phân nhớt vàng, mào tham, phó thương hàn, toi gà (tụ huyết trùng), bệnh do E.coli, Gumboro ghép Coli, viêm ruột hoại tử….\r\n  Trâu, bò, bê, nghé, dê, cừu: ỉa chảy, viêm ruột, kiết lỵ\r\n  Khi T.I.C kết hợp với T.colivit hay T.avimycin thì hiệu quả điều trị tốt hơn nhiều.\r\nCÁCH DÙNG\r\npha với nước uống hoặc trộn với thức ăn. \r\nLIỀU DÙNG \r\n* Liều điều trị:\r\n  Gia cầm: 10g dùng cho 40 – 50 kgP/ngày.\r\n Lợn, trâu, bò: 10g dùng cho 70-80 kgP/ngày. \r\n Dùng 3 ngày liên tiếp là khỏi\r\n* Liều phòng : giảm đi một nửa, thời gian dùng 3-4 ngày tùy vào tình trạng bệnh.\r\nBẢO QUẢN: Nơi khô thoáng, nhiệt độ phòng không quá 30oC.', 37),
(38, 'image/img-chitiet/38-1.jpg,image/img-chitiet/38-2.jpg', 'THÀNH PHẦN\r\nCeftiofur (HCl)……………………………………5.000 mg\r\nDung môi đặc biệt vừa đủ………………………100 ml\r\nCÔNG DỤNG\r\nĐặc trị viêm vú, viêm vú tiềm ẩn, viêm vú soma, viêm vú mất sữa (MMA), viêm tử cung, viêm móng, viêm ruột tiêu chảy, viêm phổi, viêm màng phổi, phổi dính sườn, phổi hóa mủ, ho, hen suyễn, sốt bỏ ăn không rõ nguyên nhân, các bệnh kế phát của bệnh tai xanh (sốt đỏ- PRRS), LMLM, các dạng nhiễm khuẩn bệnh truyền nhiễm, viêm đường hô hấp, tiêu hóa và sinh dục như E.coli, phó thương hàn, tụ huyết trùng, lepto, hoại tử ruột, hội chứng phân trắng lợn con, xoắn khuẩn lỵ, E.coli sưng phù đầu.\r\nCÁCH DÙNG VÀ LIỀU LƯỢNG\r\nTiêm bắp thịt hoặc dưới da\r\n* Lợn, bê, nghé, dê, cừu: 1 ml/15 – 18 kg TT\r\n* Trâu, bò, bò sữa: 1 ml/20 – 25 kg TT\r\n* Lợn con, chó, mèo: 1 ml/6 – 8 kg TT\r\nTiêm lặp lại sau 48 giờ\r\nLắc kỹ trước khi dùng!\r\nTHỜI GIAN NGỪNG THUỐC\r\nKhai thác thịt: 08 ngày!; sữa: 0 ngày!\r\nBẢO QUẢN: Nơi khô thoáng, nhiệt độ phòng không quá 30oC.', 38),
(39, 'image/img-chitiet/39-1.jpg', 'THÀNH PHẦN\r\nCefquinome sulfat.........................1.500 mg\r\nTá dược đặc biệt vđ............................100 ml\r\n(Bổ sung Ketoprofen và thảo dược đặc biệt)\r\nCÔNG DỤNG\r\nĐặc trị viêm vú, viêm tử cung, cạn sữa, tiêu chảy, nhiễm trùng đường hô hấp, hen suyễn, viêm phổi, viêm màng phổi, kế phát bệnh truyền nhiễm tai xanh (sốt đỏ, PRRS), LMLM, viêm da, viêm kẽ móng, viêm đường tiết niệu, tụ huyết trùng, phó thương hàn, lepto, E.coli sưng phù đầu, nhiễm trùng huyết.\r\n-  An toàn cho bò sữa, nái mang thai, nuôi con!\r\n-  Không tồn dư kháng sinh, không phải bỏ sữa!\r\n- Không ảnh hưởng tới sản lượng sữa!\r\nCÁCH DÙNG VÀ LIỀU LƯỢNG\r\nTiêm sâu bắp thịt hoặc dưới da, 3 - 5 ngày.\r\n- Lợn, bê, nghé: 1 ml/12 - 16 kg TT\r\n- Trâu, bò, ngựa: 1 ml/22 - 26 kg TT\r\n- Chó, mèo, lợn con, gia cầm: 1 ml/6 - 8 kg TT\r\nLắc kỹ trước khi dùng\r\nTHỜI GIAN NGỪNG THUỐC\r\nDùng thịt: 05 ngày; Sữa: 0 ngày.\r\nBẢO QUẢN: Nơi khô thoáng, nhiệt độ phòng không quá 30oC.', 39),
(40, 'image/img-chitiet/40-1.jpg,image/img-chitiet/40-2.jpg', 'THÀNH PHẦN \r\nTrong 100 ml chứa:                                                                                                                                             \r\nCeftiofur base...............................7,5 g\r\nKetoprofen.....................................10 g\r\nDung môi đặc biệt vừa đủ.........100 ml\r\nCHỈ ĐỊNH\r\n- Đặc trị viêm phổi truyền nhiễm, viêm phổi dính sườn (APP), glasser, viêm\r\nphổi, viêm phế quản, viêm hoại tử, liên cầu khuẩn, nhiễm trùng mô mềm,\r\nviêm cơ, áp xe, tụ huyết trùng trên trâu, bò, ngựa, dê, cừu, heo.\r\n- Trị chứng viêm vú, sốt sữa, viêm tử cung (MMA) trên gia súc.\r\n- Đặc trị viêm vú bò sữa.\r\nCÁCH DÙNG VÀ LIỀU LƯỢNG\r\nTiêm bắp, dưới da ngày 1 lần trong 3 ngày.\r\nTrâu, bò.................1 ml/50-75kgTT/ngày.\r\nNgựa............................1ml/25kgTT/ngày.\r\nDê, cừu...................1ml/50-75kgTT/ngày.\r\nHeo.......................1 ml/15-25kg TT /ngày.\r\nTHỜI GIAN NGỪNG THUỐC\r\nKhai thác thịt: 4 ngày! Khai thác sữa: 0 ngày!\r\nBẢO QUẢN\r\nNơi khô, nhiệt độ dưới 30OC, tránh ánh sáng!\r\nChú ý: Lắc kỹ trước khi dùng.', 40),
(41, 'image/img-chitiet/41-1.jpg,image/img-chitiet/41-2.jpg', 'THÀNH PHẦN: Trong 100ml chứa:\r\nAmoxicillin trihydrate.................20.000mg\r\nDung môi (A.clavulanic) vđ...............100ml\r\nĐẶC TÍNH\r\nAmoxicillin là kháng sinh β-lactam có hoạt tính diệt khuẩn chống lại vi khuẩn Gram (+) và Gram (-). Acid clavulanic giúp cho amoxicillin không bị beta - lactamase phá huỷ, đồng thời mở rộng thêm phổ kháng khuẩn của amoxicillin một cách hiệu quả đối với nhiều vi khuẩn gây bệnh.\r\nCHỈ ĐỊNH\r\nĐặc trị tất cả các bệnh truyền nhiễm gây ra bởi vi khuẩn nhạy cảm với Amoxicillin như: Bệnh viêm phổi dính sườn(APP), viêm đường tiết niệu - sinh dục, viêm vú - viêm tử cung - mất sữa (MMA), viêm da tiết dịch, viêm ruột hoại tử, hồng lỵ, tụ huyết trùng, đóng dấu, nhiễm trùng huyết, viêm móng, viêm khớp trên gia súc, heo.\r\nCác bệnh kế phát do virus như: Tai xanh (PRRS), lở mồm long móng (FMD), viêm da nổi cục (LSD).\r\nCÁCH DÙNG VÀ LIỀU LƯỢNG\r\nLắc kỹ trước khi dùng.\r\nLiều chung tất cả các loài:..1ml/15-20kgTT.\r\nTiêm lặp lại sau 48 giờ.\r\nChú ý: Không tiêm tĩnh mạch.\r\nTHỜI GIAN NGỪNG THUỐC\r\nKhai thác thịt: 28 ngày!\r\nKhai thác sữa: 03 ngày!\r\nBẢO QUẢN\r\nNơi khô, nhiệt độ dưới 30ºC, tránh ánh sáng!', 41),
(42, 'image/img-chitiet/42-1.jpg', 'CÔNG DỤNG:\r\n-Phòng và trị các bệnh nhiễm trùng đường hô hấp như bệnh viêm phổi, tụ huyết trùng, khò khè, CRD, bệnh suyển heo gây ra bởi Mycoplasma.\r\n-Phòng và trị các bệnh nhiễm trùng đường tiêu hóa gây tiêu chảy, bệnh hồng lỵ, phó thương hàn, E.coli ở heo, bê, nghé, dê, cừu và gia cầm.\r\n LIỀU LƯỢNG VÀ CÁCH DÙNG:\r\nGIA CẦM:  \r\n  Phòng bệnh: 1g/4 lít nước hoặc 1g/2 kg thức ăn, liên tục 3 ngày.\r\n   Trị bệnh:1g/2 lít hoặc 1g/kg thức ăn hoặc 1g/10kg thể trọng, liên tục 3-5 ngày.\r\nHEO:             \r\nPhòng bệnh: 1g/4 lít nước hoặc 1g/2 kg thức ăn, liên tục 3 ngày\r\nTrị bệnh: 1g/2 lít hoặc 1g/kg thức ăn hoặc 1g/15kg thể trọng, liên tục 3-5 ngày\r\nBÊ, NGHÉ, DÊ, CỪU:\r\n1g/ 40 kg thể trọng, liên tục 3-5 ngày.\r\nBẢO QUẢN\r\nNơi khô, nhiệt độ dưới 30ºC, tránh ánh sáng!', 42),
(43, 'image/img-chitiet/43-1.jpg,image/img-chitiet/43-2.jpg', 'THÀNH PHẦN trong 100 ml chứa:\r\nAmoxycillin................................................15 g\r\n(Tương ứng Amoxycillin trihydrate.......17,2 g)\r\nDung môi, tá dược A.clavulanic vđ.......100 ml\r\nCHỈ ĐỊNH\r\nĐặc trị các bệnh nhiễm khuẩn tiêu hóa (E.coli, Clostridium spp., sưng phù đầu, viêm dạ dày-ruột…), hô hấp (viêm phế quản-phổi, suyễn, APP…), niệu-sinh dục (M.M.A, sốt sữa viêm bàng quang, niệu đạo…), Lepto, đóng dấu, tụ huyết trùng, khớp, mô mềm và da, hoại tử, nhiễm trùng rốn, viêm mũi teo, viêm mũi và nhiễm khuẩn thứ phát trong bệnh Tai xanh, sốt đỏ bỏ ăn, LMLM…trên trâu, bò, dê, cừu, lợn, chó, mèo.\r\nCÁCH DÙNG VÀ LIỀU LƯỢNG\r\nTrâu, bò, dê, cừu, lợn, chó, mèo:\r\nTiêm bắp hoặc tiêm dưới da.\r\nLiều chung cho các loài có chỉ định: 1ml/10kgTT. Tiêm lặp lại sau 48 giờ.\r\nChú ý: Không tiêm quá 20 ml tại 1 vị trí tiêm.\r\nTHỜI GIAN NGỪNG THUỐC\r\nKT thịt: 14 ngày; KT sữa: 1 ngày.\r\nBẢO QUẢN\r\nNơi khô, nhiệt độ dưới 30 độ C, tránh ánh sáng!', 43),
(44, 'image/img-chitiet/44-1.jpg', 'THÀNH PHẦN:\r\nMarbofloxacin\r\nNước pha tiêm vừa đủ\r\nCÔNG DỤNG: Trị bệnh truyền nhiễm do vi khuẩn Gr(-), Gr(+) v Mycoplasma.\r\nLIỀU LƯỢNG VÀ CÁCH DÙNG:\r\nTrâu, bò: 1 ml / 10 kg thể trọng.\r\nHeo lớn, dê, cừu, bê, nghé: 1 ml / 7- 8 kg thể trọng.\r\nHeo con: 1 ml / 5 kg thể trọng.\r\nChó, mèo: 1 ml / 5 - 7 kg thể trọng.\r\nGà, vịt: 1 ml / 3 - 5 kg thể trọng.\r\nĐường cấp thuốc: Tiêm bắp thịt, ngày 1 lần trong 3 – 4 ngày. Trường hợp bệnh cấp tính ngày đầu tiêm 2 lần.\r\nĐẶC ĐIỂM: Đặc trị các bệnh nhiễm trùng do vi trùng gram âm, gram dương, và Mycoplasma. Đặc biệt đối với các loại mầm bệnh đã đề kháng với các loại kháng sinh khác.\r\nHeo, chó, mèo, dê, cừu: Thương hàn, viêm phổi, viêm phổi dính sườn (APP), suyễn heo, tụ huyết trùng, tiêu chảy, sưng phù đầu, viêm khớp, viêm tử cung, viêm vú.\r\nGà, vịt: CRD, CRD kết hợp E.coli, thương hàn, tụ huyết trùng.\r\nCHỐNG CHỈ ĐỊNH: Không dùng cho thú mẫn cảm với thành phần của thuốc.\r\nTHỜI GIAN NGỪNG THUỐC: Thịt: Trâu, bò: 6 ngày. Heo, dê, cừu: 4 ngày. Gia cầm: 3 ngày; Sữa: 36 giờ.\r\nBẢO QUẢN: Nơi khô thoáng, nhiệt độ không quá 30oC.', 44),
(45, 'image/img-chitiet/45-1.jpg', 'THÀNH PHẦN:\r\nApramycin (as Sulfate)\r\nNước pha tiêm vừa đủ\r\nCÔNG DỤNG:\r\nTrị viêm đường tiêu hoá, hô hấp, viêm vú, viêm khớp trên bê, nghé, heo, dê, cừu, chó, mèo.\r\nLIỀU LƯỢNG VÀ CÁCH DÙNG:\r\nHeo, bê, nghé, dê, cừu: 1 ml / 12 – 15 kg thể trọng. Ngày 1 lần trong 3 – 4 ngày liên tục.\r\nChó: 1 ml / 5 – 10 kg thể trọng. Ngày 1 lần trong 5 –7 ngày liên tục.\r\nĐường cấp thuốc: Tiêm bắp thịt.\r\nĐẶC ĐIỂM: Đặc trị tiêu chảy phân trắng, phân vàng, phân có máu, viêm vú, các trường hợp viêm phổi, tụ huyết trùng, viêm khớp.\r\nCHỐNG CHỈ ĐỊNH: Không dùng cho thú mẫn cảm với thành phần của thuốc.\r\nTHỜI GIAN NGỪNG THUỐC: Thịt: 28 ngày.\r\nBẢO QUẢN: Nơi khô thoáng, nhiệt độ không quá 30oC.', 45),
(46, 'image/img-chitiet/46-1.jpg', 'THÀNH PHẦN:\r\nLincomycin/ Nước pha tiêm vừa đủ\r\nCÔNG DỤNG: Điều trị nhiễm trùng hô hấp, tiêu hóa, sinh dục, ngoài da, áp xe.\r\nLIỀU LƯỢNG VÀ CÁCH DÙNG:\r\nHeo con, bê, nghé, dê, cừu: 1 ml / 5 kg thể trọng.\r\nChó, mèo, gia cầm: 1 ml / 5 kg thể trọng.\r\nHeo, trâu, bò: 1 ml / 10 kg thể trọng.\r\nĐường cấp thuốc: Tiêm bắp, ngày 1 lần trong 3 - 5 ngày.\r\nĐẶC ĐIỂM: Điều trị viêm khớp, nhiễm trùng vết thương, viêm xoang mũi, CRD, viêm vú, viêm tử cung, tiêu chảy có máu, nhiễm trùng sau phẫu thuật ở gia súc, gia cầm.\r\nCHỐNG CHỈ ĐỊNH: Không dùng cho thú mẫn cảm với thành phần của thuốc.\r\nTHỜI GIAN NGỪNG THUỐC: Thịt: 14 ngày. Sữa: 2 ngày.\r\nBẢO QUẢN: Nơi khô thoáng, nhiệt độ không quá 30oC.', 46),
(47, 'image/img-chitiet/47-1.jpg,image/img-chitiet/47-2.jpg', 'THÀNH PHẦN: \r\nAmpicillin( as Trihydrate ) \r\nColistin Sulfate Dexamethasone \r\nTá dượcvừa đủ. \r\nCÔNG DỤNG: Đặc trị các bệnh nhiễm trùng trên gia súc, gia cầm:\r\n Heo: Phù đầu, viêm ruột tiêu chảy, viêm phổi, tụ huyết trùng, viêm vú, viêm tử cung, hội chứng MMA. \r\nTrâu, bò, dê, cừu: Viêm vú, viêm tử cung, viêm ruột tiêu chảy, viêm phổi, đau móng. \r\nChó, mèo: Viêm ruột tiêu chảy, viêm phổi, viêm tử cung, nhiễm trùng vết thương. \r\nGia cầm: Sưng phù đầu, tụ huyết trùng, thương hàn. \r\nLIỀU LƯỢNG VÀ CÁCH DÙNG: Gia cầm, heo con, chó, mèo: 1ml / 5 kg thể trọng. Heo thịt, heo giống, dê, cừu: 1ml / 10 kg thể trọng. Trâu, bò: 1ml / 12-15 kg thể trọng. Đường cấp thuốc: Tiêm sâu vào bắp thịt, ngày 1 lần trong 4-5 ngày.\r\nBảo quản: Nơi khô ráo, tránh ánh sáng mặt trời, không quá 30ºC', 47),
(48, 'image/img-chitiet/48-1.jpg', 'THÀNH PHẦN: Trong 100 g\r\nSpiramycin Adipate\r\nOxytetracycline HCl\r\nBromhexine HCl\r\nLactose, Dextrose vừa đủ\r\nCÔNG DỤNG: Trị nhiễm trùng đường hô hấp như: CRD, CRD kết hợp E.coli, viêm xoang mũi, viêm phổi trên gà, vịt, cút.\r\nLIỀU LƯỢNG VÀ CÁCH DÙNG:\r\nLiều chung cho gà, vịt, cút\r\nPhòng bệnh :\r\n1,5 g / lít nước uống hoặc 3 g / kg thức ăn hoặc 1 g / 7 kg thể trọng, trong 3 - 4 ngày.\r\nĐiều trị :Gấp đôi liều phòng, dùng trong 4 - 5 ngày.\r\n\r\nLƯU Ý: Thuốc đã pha nước chỉ dùng trong ngày.\r\nCHỐNG CHỈ ĐỊNH: Không dùng cho thú mẫn cảm với thành phần của thuốc.\r\nTHỜI GIAN NGỪNG THUỐC: Thịt: 15 ngày.\r\nBẢO QUẢN: Nơi khô thoáng, nhiệt độ không quá 30ºC.', 48),
(49, 'image/img-chitiet/49-1.jpg', 'THÀNH PHẦN Trong 100 ml chứa:\r\nApramycin sulfat 20.000 mg\r\nColistin sulfat 50.000.000 IU\r\nVitamin B3 500 mg\r\nAtropin sulfat 50 mg\r\nDung môi vđ 100 ml\r\nCÔNG DỤNG\r\nĐặc hiệu với bệnh sưng phù đầu do E.coli dung huyết ở heo con với các biểu hiện: Sưng phù đầu, hầu, họng, mí mắt, kêu khản tiếng, co giật, đâm đầu vào tường, thường chết con to, chết nhanh. Đặc biệt hiệu quả trong điều trị các biểu hiện kế phát như: Phân vàng nhớt, nôn...Tiêu chảy cấp (PED), viêm dạ dày-ruột truyền nhiễm (TGE)...\r\nCÁCH DÙNG VÀ LIỀU LƯỢNG\r\nTiêm bắp thịt ngày 1 lần, liệu trình 4-5 ngày liên tiếp.\r\nLiều dùng trong 1 lần trên con:\r\nHeo 1ml/20-25kgTT\r\nNgựa, Trâu, Bò 1ml/40-50kgTT\r\nBê, Nghé, Ngựa con 1ml/30-35kgTT\r\nChó, mèo 1ml/5-10kgTT\r\nTHỜI GIAN NGỪNG THUỐC\r\nKhai thác thịt, sữa: 7 ngày!\r\nBẢO QUẢN\r\nNơi khô, nhiệt độ dưới 30OC, tránh ánh sáng.', 49),
(50, 'image/img-chitiet/50-1.jpg', 'THÀNH PHẦN Trong 1 lít chứa:\r\nAlfachymotrypsin................................4.000 mg\r\nTrypsin................................................1.000 mg\r\nDung môi vừa đủ.........................................1 lít\r\nĐẶC TÍNH\r\nSự kết hợp đặc biệt giữa Alfachymotrypsin và Trypsin giúp:\r\n- Tiêu viêm bằng cách phá hủy các phản ứng miễn dịch gây ra sự tích lũy fibrine trong các xoang, đường hô hấp.\r\n- Tăng vi tuần hoàn trong mô bị viêm nhờ hoạt động tiêu sợi huyết, đánh tan máu bầm trên Trâu, Bò, Ngựa, Heo, Dê, Cừu, Chó, Mèo.\r\n- Hỗ trợ tác dụng của các loại kháng sinh sử dụng trong phác đồ điều trị bệnh.\r\n- Tăng quá trình phục hồi sau khi điều trị bệnh.\r\nCHỈ ĐỊNH\r\n- Tiêu viêm, giảm dịch nhày, giảm phù nề, tan đờm trong các bệnh nặng gây nên viêm đường hô hấp, xoang trên gia súc, gia cầm như: CRD, ORT, viêm xoang mũi, đa xoang (Glasser), APP..., viêm khớp gia cầm.\r\n- Làm lỏng và giảm bài tiết các dịch đường hô hấp trong các bệnh: hen, viêm phế quản, viêm phổi, viêm xoang mũi. Tác dụng nhanh, mạnh, cắt cơn hen nhanh chóng, khỏi không lặp lại, rút ngắn liệu trình điều trị.\r\n- Giảm viêm và phù mô mềm do áp xe, chấn thương hoặc giảm phù nề sau phẫu thuật.\r\n- Kết hợp điều trị viêm trong các bệnh viêm vú, viêm khớp.\r\nCÁCH DÙNG VÀ LIỀU LƯỢNG\r\nHòa nước cho uống theo liều và lặp lại sau 12- 24 giờ:\r\n- Gà, vịt, ngan, cút..................1ml/2-3 lít nước tương đương 10-15kgTT.\r\n- Heo, trâu, bò, bê, nghé........1ml/4-5 lít nước tương đương 20-30kgTT.\r\nCHỐNG CHỈ ĐỊNH\r\nKhông dùng cho thú mẫn cảm với thành phần của thuốc.\r\nTHỜI GIAN NGỪNG THUỐC\r\nKhai thác thịt, sữa: 0 ngày!\r\nBẢO QUẢN\r\nNơi khô, nhiệt độ dưới 30OC, tránh ánh sáng.', 50),
(51, 'NULL', 'THÀNH PHẦN:\r\nTobramycin (sulfate)….……… 45 mg\r\nDexamethasone ……………….…1 mg\r\nDung môi pha tiêm vđ……….....1 ml\r\nCÔNG DỤNG:\r\nVIME TOBRA - Đặc trị viêm vú, viêm tử cung, viêm tiết niệu.\r\nLIỀU DÙNG:\r\nDùng tiêm bắp, 3-5 ngày\r\n- Heo, trâu, bò: 1 ml/10 kg thể trọng, ngày 1 lần.\r\n- Gà, vịt, ngan: 1 ml/10 kg, ngày 2 lần.\r\n- Chó, mèo: 1 ml/15 kg thể trọng, ngày 2 lần.\r\n* Ngưng sử dụng thuốc 7 ngày trước khi giết mổ hoặc lấy sữa. \r\nBẢO QUẢN:\r\nNơi khô mát không quá 30oC. Tránh ánh sáng chiếu trực tiếp.', 51),
(52, 'image/img-chitiet/52-1.jpg', 'Thành phần\r\nParacetamol………………………………….10 g\r\nVitamin C………………………………………5 g\r\nTá dược đặc biệt vđ……………………..100 g\r\nCách dùng và liều lượng\r\nPha nước uống hoặc trộn thức ăn theo liều:\r\n– Gà, vịt, ngan, cút: 1 g/4 – 5 kg thể trọng hoặc 1 g/1 lít nước uống hoặc trộn 1 g/2 kg thức ăn.\r\n– Lợn và gia súc khác: 1 g/6 – 8 kg thể trọng.\r\nCông dụng\r\n– Đặc trị cảm cúm, hạ sốt tiêu viêm, an thần, giảm đau, tăng lực,  ngăn ngừa stress, hỗ trợ điều trị bệnh truyền nhiễm. Các bệnh sốt không rõ nguyên nhân ở lợn, gà, vịt, ngan, cút như: Sốt đỏ kế phát bệnh lepto, tụ huyết trùng, phó thương hàn ở lợn. Bệnh Gumboro, toi, rù thương hàn ở gà, bệnh nhiễm trùng huyết ở vịt ngan.\r\n– Tăng sức đề kháng, hạ sốt, hỗ trợ phòng và trị bệnh gumboro ở gà, tăng miễn dịch tự nhiên giúp tăng khả năng chống các bệnh truyền nhiễm và kế phát do nhiễm bệnh Gumboro, Newcastle, toi, rù, thương hàn ở gà, bệnh nhiễm trùng huyết ở vịt ngan.\r\nBẢO QUẢN:\r\nNơi khô mát không quá 30oC. Tránh ánh sáng chiếu trực tiếp.', 52),
(53, 'image/img-chitiet/53-1.jpg', 'THÀNH PHẦN:\r\nBromhexine HCl ……..… 500 mg\r\nPrednisolone ……………... 10 mg\r\n3-(2-Methoxyphenoxy)-propane-1,2- diol … 2,6 g\r\nLactose, Dextrose vừa đủ …. 100 g\r\nCÔNG DỤNG: Giảm ho, long đờm, chống co thắt phế quản khi viêm phế quản, viêm thanh phế quản truyền nhiễm, viêm phổi, suyễn, CRD ở gia súc, gia cầm.\r\nLIỀU LƯỢNG VÀ CÁCH DÙNG: Liều chung cho gia súc - gia cầm\r\n1 g / lít nước uống hoặc 2 g / kg thức ăn hoặc 1 g / 7 – 10 kg thể trọng.\r\nLƯU Ý : \"Không dùng quá liều quy định\".\r\n- Nên dùng chung với kháng sinh trong các bệnh nhiễm trùng đường hô hấp.\r\n- Thuốc pha nước chỉ dùng trong ngày.\r\nCHỐNG CHỈ ĐỊNH: Không dùng cho thú mẫn cảm với thành phần của thuốc.\r\nTHỜI GIAN NGƯNG THUỐC:\r\n- Gia cầm: 2 ngày.\r\n- Heo: 5 ngày.\r\nBẢO QUẢN: Nơi khô thoáng, nhiệt độ không quá 30ºC.', 53),
(54, 'image/img-chitiet/54-1.jpg', 'THÀNH PHẦN\r\nKetoprofen\r\nCÔNG DỤNG:\r\nThuốc có tác dụng giảm đau hạ sốt nhanh, giảm phù nề và kháng viêm thuộc nhóm không steroid\r\n- Heo: kết hợp với kháng sinh để trị đường hô hấp; viêm vú, viêm tử cung, mất sữa (hội chứng MMA).\r\n- Trâu, bò, dê, cừu: Hỗ trợ điều trị bệnh viêm vú, viêm phổi cấp tính, đau cơ, viêm khớp, thối móng.\r\n- Ngựa: Chống viêm, giảm đau cơ xương, viêm khớp, đau bụng ở ngựa.\r\n- Chó, mèo: Viêm khớp, đau cơ.\r\nLIỀU LƯỢNG VÀ CÁCH DÙNG:\r\n- Heo: 1ml/ 33kg thể trọng, tiêm bắp thịt, ngày 1 lần, liên tục trong 3 ngày.\r\n-Trâu, bò, dê, cừu: : 1ml/ 33kg thể trọng, tiêm tĩnh mạch hoặc tiêm sâu vào bắp thịt, ngày 1 lần, liên tục trong 3 ngày.\r\n- Ngựa: 1ml/ 45kg thể trọng, tiêm tĩnh mạch, ngày 1 lần, liên tục trong 3-5 ngày. Điều trị đau bụng ngựa có thể tiêm lặp lại sau 12 giờ.\r\n- Chó, mèo: 1ml/ 50kg thể trọng, tiêm bắp thịt hoặc tiêm dưới da, ngày 1 lần, liên tục trong 3 ngày.\r\nCHỐNG CHỈ ĐỊNH:\r\n- Không dùng cho gia súc mẫn cảm với Ketoprofen.\r\n- Không dùng cho ngựa cái đang mang thai.\r\nLƯU Ý: Không dùng quá liều quy định.\r\nBẢO QUẢN: Nơi khô khoáng, nhiệt độ không quá 30 độ C', 54),
(55, 'image/img-chitiet/55-1.jpg,image/img-chitiet/55-2.jpg', 'THÀNH PHẦN:\r\nDiclofenac (as sodium)\r\nDung môi vừa đủ\r\nĐẶC ĐIỂM:\r\nDiclofenac là thuốc kháng viêm, giảm đau, hạ sốt thuộc nhóm không steroid, điều trị hiệu quả các bệnh viêm khớp cấp tính và mãn tính, thoái hóa khớp gây bại liệt, viêm cơ, viêm gân, viêm dây thần kinh, điều trị chấn thương, sau phẫu thuật, chứng đau bụng co thắt ở ngựa, trâu, bò, lạc đà, dê, cừu, heo, chó, mèo.\r\nCÔNG DỤNG: Kháng viêm, giảm đau, hạ sốt trên trâu, bò, ngựa, dê, cừu, heo, chó, mèo.\r\nLIỀU LƯỢNG VÀ CÁCH DÙNG: Tiêm bắp. Trường hợp khẩn cấp có thể tiêm tĩnh mạch, 3 – 5 ngày.\r\nTrâu, bò, ngựa, lạc đà: 10 – 15 ml / con.\r\nHeo, bê, dê, cừu: 2 – 5 ml / con.\r\nHeo con: 1 – 2 ml / con.\r\nChó, mèo: 0,3 – 1 ml / con.\r\nCHỐNG CHỈ ĐỊNH: Không dùng cho thú mẫn cảm với thành phần của thuốc.\r\nTHỜI GIAN NGỪNG THUỐC: Thịt: 5 ngày.\r\nBẢO QUẢN: Nơi khô thoáng, nhiệt độ phòng không quá 300C.', 55);
INSERT INTO `chitietsanpham` (`id`, `anhchitiet`, `motachitiet`, `id_sp`) VALUES
(56, 'image/img-chitiet/56-2.jpg', 'THÀNH PHẦN: Trong 10 ml\r\nCeftiofur (as the hydrochloride salt)\r\nTá dược vừa đủ\r\nCÔNG DỤNG: Điều trị bệnh viêm vú do Staphylococcus aureus, Streptococcus dysgalactiae, E.coli trên bò, dê, cừu đang cho sữa.\r\nLIỀU LƯỢNG VÀ CÁCH DÙNG:\r\nBò: bơm 1 ống thuốc vo mỗi bầu vú bị viêm. Mỗi ngày bơm thuốc một lần và điều trị liên tục từ 5 - 8 ngày.\r\nDê, cừu: bơm nửa ống thuốc vào mỗi bầu vú bị viêm. Mỗi ngày bơm thuốc một lần và điều trị liên tục từ 5 - 8 ngày.\r\nCách thực hiện:\r\n- Rửa sạch núm vú bằng nước ấm có pha thuốc sát trùng và lau khô bằng khăn sạch.\r\n- Vắt hết sữa trong bầu vú, sau đó nhẹ nhàng đưa đầu ống vào lỗ núm vú và bơm hết ống đối với bò hoặc nửa ống đối với dê, cừu cho một bầu vú.\r\n- Mat xa bầu vú để thuốc phân bố đều.\r\nCHỐNG CHỈ ĐỊNH: Không dùng cho thú mẫn cảm với thành phần của thuốc.\r\nTHỜI GIAN NGỪNG THUỐC:  \r\nThịt: 2 ngày.\r\nSữa: 72 giờ.\r\nBẢO QUẢN: Nơi khô thoáng, nhiệt độ không quá 30ºC', 56),
(57, 'image/img-chitiet/57-1.jpg,image/img-chitiet/57-2.jpg,image/img-chitiet/57-3.jpg', 'THÀNH PHẦN:\r\nDexamethasone \r\nCÔNG DỤNG:\r\nHeo, trâu, bò, ngựa, dê, cừu, chó, mèo: Chống dị ứng, kích thích cơ thể gia tăng phân giải gluco nhằm chống stress, chống viêm trong các bệnh nhiễm trùng hoặc các trường hợp viêm không do nhiễm trùng.\r\nLIỀU LƯỢNG VÀ CÁCH DÙNG:\r\nNgựa, trâu bò: 5 - 15 ml\r\nNgựa con, bê nghé, dê, cừu, heo: 1 - 2,5 ml\r\nChó: 0,12 - 1 ml\r\nMèo: 0,12 - 0,25 ml\r\nĐường tiêm thuốc:Tiêm bắp thịt, tĩnh mạch hoặc dưới da, ngày 1 lần, trong 1-3 ngày.\r\nLƯU Ý: Không dùng quá liều quy định.\r\n Phối hợp với kháng sinh trong điều trị các bệnh nhiễm trùng. \r\nBẢO QUẢN: Nơi khô thoáng, nhiệt độ không quá 30ºC.', 57),
(58, 'image/img-chitiet/58-1.jpg', 'THÀNH PHẦN:\r\nAnalgin, Vitamin C\r\n\r\nCÔNG DỤNG:\r\nHeo, trâu, bò, dê, cừu, chó, mèo:Hạ sốt trong các bệnh nhiễm trùng cấp, kháng viêm, chống stress, giảm đau.\r\n\r\nLIỀU LƯỢNG VÀ CÁCH DÙNG:\r\n·         Chó, mèo, heo con: 1-2 ml/ con / lần.\r\n·         Heo thịt, dê, cừu, bê, nghé: 5-7 ml / con / lần.\r\n·         Trâu, bò, heo nái, heo nọc: 10 ml / con / lần.\r\n\r\nĐường cấp thuốc: Tiêm  bắp thịt, ngày 2 lần cho đến khi hết triệu  chứng bệnh.\r\n\r\nLƯU Ý: Nên phối hợp với kháng sinh trong các bệnh nhiễm trùng.\r\n Cung cấp đầy đủ nước và chất điện giải cho thú trong thời gian điều trị.\r\nBẢO QUẢN: Nơi khô thoáng, nhiệt độ không quá 30ºC.', 58),
(59, 'image/img-chitiet/59-1.jpg', 'THÀNH PHẦN \r\nBromhexin HCl………………………… 300 mg \r\nDung môi đặc biệt vừa đủ……………100 ml \r\nCÔNG DỤNG Long đờm, thải đờm giảm ho, cắt cơn hen suyễn. Hỗ trợ và điều trị bệnh viêm phế quản, phổi, viêm phổi phế, tụ huyết trùng, viêm xoang, viêm teo mũi truyền nhiễm và các bệnh truyền nhiễm khác gây ho do nhiễm vi khuẩn, vi rút. Bệnh CRD, CCRD, ORT, sưng phù mặt ở gà, khẹc vẩy mỏ ở vịt ngan. Dùng làm dung môi pha tiêm cho gia cầm, thủy cầm đồng thời làm tăng tác dụng kháng sinh khi phối hợp \r\nCÁCH DÙNG VÀ LIỀU LƯỢNG Tiêm bắp thịt. Dùng liên tục 3 – 5 ngày. – Trâu, bò ngựa: 1 ml/12 – 15 kg TT/ ngày. – Lợn, dê, cừu: 1 ml/8-10 kg TT/ ngày. – Chó, mèo: 0,2 – 0,3 ml/kg TT/ ngày – Gia cầm: 1 – 2 ml/ lít nước uống (Hoặc pha với liều 0,1 – 0,2 ml/ kg TT khi phối hợp với kháng sinh tiêm) \r\nThời gian ngừng thuốc: Khai thác thịt: 07 ngày!; Sữa: 02 ngày! \r\nChống chỉ định: Phù phổi, viêm phổi do giun.\r\nBảo quản: Nơi khô ráo, tránh ánh sáng mặt trời, dưới 30ºC.', 59),
(60, 'image/img-chitiet/60-1.jpg', 'THÀNH PHẦN \r\nParacetamol              :  20 g \r\nSulphaguanidine        :   2 g \r\nNeomycin                   : 2g \r\nTá dược vừa đủ           : 10 g \r\nCÔNG DỤNG \r\n- Thuốc đặc trị Gumboro và Gumboro ghép E.coli, hỗ trợ điều trị các bệnh nhiễm trùng gây sốt như: \r\n- Bệnh viêm gan ruột thừa truyền nhiễm, \r\n- Ký sinh trùng máu (Leucocytozoonosis), Niu cát-xơn, cúm gà, tụ huyết trùng,... \r\n- Chống bội nhiễm do các vi khuẩn gây bệnh kế phát khi gà bị Gumboro \r\n- Tăng sức đề kháng cho cơ thể \r\n- Giải nhiệt, hạ sốt, an thần Khi dùng kết hợp với T.colivit hoặc T.Avimycin hoặc T.Flox C vào mục đích điều trị các bệnh nêu trên đạt hiệu quả rất tốt. Sức khỏe đàn gia cầm nhanh chóng hồi phục. \r\nCÁCH DÙNG Pha với nước uống. \r\nLIỀU DÙNG Điều trị: 100g/500-600 kgP hoặc 1,2g/1 lít nước/ ngày liên tục 3-4 ngày.\r\n BẢO QUẢN Nơi thoáng mát, tránh ánh sáng. \r\nNGỪNG DÙNG TRƯỚC KHI GIẾT THỊT:  5-7ngày.', 60),
(61, 'NULL', 'THÀNH PHẦN:\r\nBromhexine HCl\r\nCÔNG DỤNG:\r\nGiảm ho, long đờm, chống co thắt phế quản trong các bệnh viêm phế quản, viêm phổi ở gia súc.\r\nLIỀU LƯỢNG VÀ CÁCH DÙNG:\r\nHeo, trâu, bò, dê, cừu, chó, mèo: 1 ml / 10 kg thể trọng. Ngày 1- 2 lần cho đến khi hết triệu chứng bệnh.\r\nLƯU Ý :   \r\n- Tiêm sâu vào bắp thịt.\r\n- Nên dùng chung với kháng sinh trong các bệnh nhiễm trùng đường hô hấp.\r\nBẢO QUẢN: Nơi khô thoáng, nhiệt độ không quá 30ºC.', 61),
(62, 'image/img-chitiet/62-1.jpg', 'THÀNH PHẦN NGUYÊN LIỆU:\r\nVitamin C, Beta-Glucan, Methionine, Lysine, Kẽm Gluconate\r\nBẢN CHẤT VÀ CÔNG DỤNG SẢN PHẨM:\r\n- AZ.KTMD là loại thức ăn bổ sung dạng bột hòa tan dùng cho gia súc, gia cầm.\r\n- Cung cấp các vitamin, khoáng, acid amin và đặc biệt là Beta-Glucan cho vật nuôi, giúp vật nuôi có sức đề kháng tốt để chống đỡ bệnh. Beta-Glucan là chất có tác dụng kích thích hệ thống miễn dịch tự nhiên của cơ thể sinh kháng thể để phòng ngừa các bệnh: do virus dịch tả heo Châu Phi, LMLM, Newcatle, Gumboro... đặc biệt khi chủng vắc xin, khi đang mắc bệnh, thay đổi thời tiết, chuyển chuồng, thay đổi thức ăn, giúp phục hồi nhanh sau khi bệnh.\r\n- AZ.KTMD giúp vật nuôi ăn nhiều, tăng khả năng tiêu hóa, hấp thu các chất dinh dưỡng, thúc đẩy quá trình sinh trưởng, phát triển và hoàn thiện cơ thể.\r\nCÁCH DÙNG VÀ LIỀU LƯỢNG:\r\nPha nước uống hoặc trộn với thức ăn:\r\nLiều chung 1g/2 lít nước hoặc 1g/1kgTĂ (dùng sau khi chủng vaccin, khi đang bệnh hoặc dùng thường xuyên trong quá trình nuôi).\r\nBẢO QUẢN:\r\nNơi khô, nhiệt độ dưới 300C, tránh ánh sáng.', 62),
(63, 'image/img-chitiet/63-1.jpg', 'THÀNH PHẦN:\r\n[1-(Butylamino)-1-methylethyl] phosphinic acid\r\nVitamin B12 (Cyanocobalamin)\r\nNước pha tiêm vừa đủ.\r\nCÔNG DỤNG:\r\nĐiều chỉnh rối loạn trao đổi chất do mắc bệnh hoặc do thiếu dinh dưỡng, giúp thú mau hồi phục khi mắc bệnh, mau lớn.\r\nPhục hồi các rối loạn sinh sản như khô thai, sẩy thai, chậm động dục sau khi sanh trên trâu, bò, dê, cừu; chậm lên giống sau khi cai sữa ở heo.\r\nChống co giật, bại liệt do thiếu khoáng chất trên thú sau khi sanh.\r\nTăng lực khi thú làm việc quá sức, lúc sinh đẻ hoặc lúc bị stress.\r\nỔn định rối loạn thần kinh, giúp chống cắn đuôi, cắn mổ.\r\nLIỀU LƯỢNG VÀ CÁCH DÙNG:\r\nTrâu bò: Tiêm bắp hoặc tiêm tĩnh mạch\r\nPhòng ngừa vô sinh, chậm động dục, sẩy thai: 20 ml / con/ lần; 3 ngày tiêm 1 lần, trong 3-4 lần.\r\nTăng lực lúc bị suy nhược, kém ăn, lúc mắc bệnh: 20 ml / con/ lần, ngày 1 lần, trong 2-3 ngày.\r\nCo giật, bại liệt: 30 ml / con/ lần, dùng kết hợp với BIO-CALCIMAX.\r\nDê, cừu: Tiêm bắp: 1 ml / 10 kg thể trọng. Ngày tiêm 1 lần trong 3 ngày.\r\nHeo: Tiêm bắp\r\nPhòng ngừa khô thai, chết thai, chậm lên giống sau cai sữa: 10 ml / nái/ lần. Mỗi 2 tuần tiêm 1 lần trong giai đoạn mang thai và nuôi con.\r\nĐiều trị suy nhược do sinh đẻ, kém sữa: 10 ml / con/ lần, mỗi 2 ngày tiêm 1 lần, trong 2-3 lần.\r\nTăng lực khi heo mắc bệnh, heo còi cọc: 2 – 10 ml / con/ lần, mỗi 2 ngày tiêm 1 lần, trong 2-3 lần.\r\nHeo cắn đuôi: 0,5 ml / kg thể trọng, tiêm liên tục 2-3 ngày.\r\nChó, mèo:Tiêm bắp: 1 ml / 5 kg thể trọng. Ngày tiêm 1 lần trong 2-3 ngày.\r\nGà, vịt: Kém ăn, suy nhược, cắn mổ nhau, tỉ lệ đẻ giảm: 2 - 2,5 ml / lít nước uống, cho uống liên tục trong 3-4 ngày.\r\n\r\nBẢO QUẢN: Nơi khô thoáng, nhiệt độ không quá 30oC.', 63),
(64, 'image/img-chitiet/64-1.jpg', 'THÀNH PHẦN \r\n(butylamimo)-1-methylethyl]-phosphoric acid............10 g \r\nVitamin B12.................................................................15 mg \r\nDung môi vừa đủ........................................................100 ml \r\nCHỈ ĐỊNH TD. Butosal kích thích quá trình chuyển hóa các chất và điều chỉnh tất cả các rối loạn trao đổi chất gây ra do thức ăn, chăm sóc kém, dịch bệnh. \r\nRối loạn dinh dưỡng và tăng trưởng kém ở thú non do bệnh tật. \r\nĐiều trị bệnh ở thời kỳ sinh sản và hỗ trợ điều trị bệnh vô sinh. \r\nHỗ trợ cho gia súc khi làm việc quá sức, mệt mỏi, nhanh hồi phục sức khỏe và năng suất. \r\nCÁCH DÙNG VÀ LIỀU LƯỢNG \r\nTiêm bắp, dưới da (có thể tiêm tĩnh mạch). \r\nĐối với gia cầm có thể hòa nước cho uống\r\nTrâu, bò: 1 ml/10 - 15 kg TT. \r\nLợn, dê, cừu: 1 ml/5 - 10 kg TT. -\r\nGia súc mang thai: 1 ml/30 - 60 kg TT. \r\nGia cầm: 1 ml/5 - 7 kg TT. \r\nLợn còi: 1 ml/3 - 5 kg TT.\r\nLặp lại sau 2 - 3 ngày.\r\nBẢO QUẢN: Nơi khô thoáng, nhiệt độ không quá 30oC.', 64),
(65, 'image/img-chitiet/65-1.jpg', 'THÀNH PHẦN Trong 100 ml chứa:\r\nAtropin Sulfat.....................................200 mg\r\nTá dược vđ..........................................100 ml\r\nCHỈ ĐỊNH\r\n- Giảm đau, giảm nhu động co thắt ruột, bệnh lồng ruột, viêm ruột cấp. Ngăn ngừa ngừng tim và hô hấp trong gâp mê; giảm sự tiết dịch phế quản trong gây mê.\r\n- Kết hợp với kháng sinh điều trị phù phổi gia súc, đặc biệt viêm phổi cấp tính ở ngựa.\r\n- Kích thích hô hấp trong ngộ độc morphine. Giải độc trong ngộ độc các chất lân hữu cơ, pilocarpin, arecolin, dipterex, mocphin và chlorofooc trên ngựa, trâu, bò, dê, cừu, heo, chó, mèo, gia cầm.\r\nCÁCH DÙNG VÀ LIỀU LƯỢNG\r\n* Tiêm dưới da:\r\n- Trâu, bò, ngựa.....................1,3 - 5 ml/100kgTT\r\n- Bê, nghé, ngựa con.............0,75-1,5ml/50kgTT\r\n- Lợn, dê, cừu................................2-4ml/50kgTT\r\n- Dê, cừu con.................................1-2ml/25kgTT\r\n- Chó....................................0,15-0,25ml/10kgTT\r\n- Mèo........................................0,06-0,1ml/4kgTT\r\n* Tiêm ven: Ngựa.......................0,5 ml/100kgTT\r\n- Gia cầm:\r\n+ Tiêm dưới da.......................................1ml/con.\r\n+ Cho uống......................................1-3 giọt/con.\r\nTHỜI GIAN NGỪNG THUỐC\r\n0 ngày.\r\nBẢO QUẢN\r\nNơi khô, nhiệt độ dưới 30OC, tránh ánh sáng.', 65),
(66, 'image/img-chitiet/66-1.jpg', 'THÀNH PHẦN: Trong 100 g\r\nSorbitol\r\nDL-Methionine\r\nL- Lysine HCl\r\nVitamin B12\r\nLactose, Dextrose vừa đủ\r\nCÔNG DỤNG:\r\nTăng cường chức năng gan, tăng khả năng tiêu hóa, phòng ngừa ngộ độc do độc tố của nấm mốc, bệnh gan nhiễm mỡ, giúp hồi phục cơ thể sau các bệnh nhiễm trùng trên heo, heo con, gia cầm.\r\nLIỀU LƯỢNG VÀ CÁCH DÙNG:\r\nBổ gan, lợi mật:\r\nGà, vịt, cút, heo con: 100 g / 100 lít nước hoặc 100 g / 40 kg thức ăn hoặc 1 g / 10 kg thể trọng/ngày, dùng liên tục.\r\nHeo giống, heo thịt: 100 g / 200 lít nước hoặc 100 g / 70 kg thức ăn hoặc 1 g / 20 kg thể trọng/ngày, dùng liên tục.\r\nHồi phục cơ thể sau khi mắc bệnh:\r\nGà, vịt, cút, heo con: 100 g/  30 lít nước hoặc 100 g / 15 kg thức ăn hoặc 1 g / 3 kg thể trọng/ngày, trong 1-2 tuần.\r\nHeo giống, heo thịt: 100 g / 50 lít nước hoặc 100 g / 20 kg thức ăn hoặc 1 g / 5 kg thể trọng/ngày, trong 1-2 tuần.\r\nĐẶC ĐIỂM: Bio-Sorbitol + B12 giúp tăng cường chức năng giải độc của gan, bổ gan, lợi mật, tăng khả năng tiêu hóa, thú mau lớn; hồi phục sức khỏe nhanh sau các bệnh nhiễm trùng.\r\nCHỐNG CHỈ ĐỊNH: Không sử dụng cho thú mẫn cảm với thành phần của thuốc.\r\nTHỜI GIAN NGỪNG THUỐC: 0 ngày.\r\nBẢO QUẢN: Nơi khô thoáng, nhiệt độ không quá 30oC.', 66);

-- --------------------------------------------------------

--
-- Cấu trúc bảng cho bảng `ct_hoadon`
--

CREATE TABLE `ct_hoadon` (
  `id` int(11) NOT NULL,
  `soluong` int(11) NOT NULL,
  `id_hoadon` int(11) NOT NULL,
  `id_sanpham` int(11) NOT NULL
) ENGINE=InnoDB DEFAULT CHARSET=utf8 COLLATE=utf8_unicode_ci;

-- --------------------------------------------------------

--
-- Cấu trúc bảng cho bảng `hoadon`
--

CREATE TABLE `hoadon` (
  `id` int(11) NOT NULL,
  `ngaylap_hd` date NOT NULL,
  `trangthai` int(11) NOT NULL,
  `tongtien` double NOT NULL,
  `id_ngdung` int(11) NOT NULL
) ENGINE=InnoDB DEFAULT CHARSET=utf8 COLLATE=utf8_unicode_ci;

-- --------------------------------------------------------

--
-- Cấu trúc bảng cho bảng `loaisp`
--

CREATE TABLE `loaisp` (
  `id` int(11) NOT NULL,
  `tenloai` varchar(150) NOT NULL
) ENGINE=InnoDB DEFAULT CHARSET=utf8 COLLATE=utf8_unicode_ci;

--
-- Đang đổ dữ liệu cho bảng `loaisp`
--

INSERT INTO `loaisp` (`id`, `tenloai`) VALUES
(1, 'Đặc trị'),
(2, 'Kháng sinh'),
(3, 'Hỗ trợ');

-- --------------------------------------------------------

--
-- Cấu trúc bảng cho bảng `nguoidung`
--

CREATE TABLE `nguoidung` (
  `id` int(11) NOT NULL,
  `hoten` varchar(100) NOT NULL,
  `sdt` varchar(15) NOT NULL,
  `diachi` varchar(255) NOT NULL,
  `email` varchar(50) NOT NULL,
  `ten_dangnhap` varchar(100) NOT NULL,
  `matkhau` varchar(255) NOT NULL,
  `admin` int(11) NOT NULL DEFAULT 1
) ENGINE=InnoDB DEFAULT CHARSET=utf8 COLLATE=utf8_unicode_ci;

--
-- Đang đổ dữ liệu cho bảng `nguoidung`
--

INSERT INTO `nguoidung` (`id`, `hoten`, `sdt`, `diachi`, `email`, `ten_dangnhap`, `matkhau`, `admin`) VALUES
(2, 'chieu', '0345682702', 'tg', 'tranhaichieu2002@gmail.com', 'chieu', '123123', 0);

-- --------------------------------------------------------

--
-- Cấu trúc bảng cho bảng `sanpham`
--

CREATE TABLE `sanpham` (
  `id` int(11) NOT NULL,
  `tensp` varchar(255) NOT NULL,
  `mota` varchar(255) NOT NULL,
  `hinhanh` varchar(255) NOT NULL,
  `giagoc` double NOT NULL,
  `giakm` double NOT NULL,
  `id_loaisp` int(11) NOT NULL
) ENGINE=InnoDB DEFAULT CHARSET=utf8 COLLATE=utf8_unicode_ci;

--
-- Đang đổ dữ liệu cho bảng `sanpham`
--

INSERT INTO `sanpham` (`id`, `tensp`, `mota`, `hinhanh`, `giagoc`, `giakm`, `id_loaisp`) VALUES
(1, 'ANLGIN C', 'Giảm đau, chống phong thấp, giải độc và hạ sốt. Đặc biệt dùng hạ sốt trong tất cả các trường hợp bệnh truyền nhiễm gây sốt như: tai xanh, dịch tả, tụ huyết trùng, phó thương hàn, đóng dấu, liên cầu, sốt sữa lợn và gia súc.\r\nThuốc dùng cho tất cả gia súc, ', 'image/img-product/dac tri/all/analgin-c.jpg', 40000, 0, 1),
(2, 'AURIS CLEAN', 'AURIS CLEAN có tác dụng khử mùi và nhẹ nhàng làm sạch tai, ống tai, giúp loại bỏ ráy tai, bụi bẩn, vảy sừng, mô bào chết. Phòng viêm tai, nhiễm trùng tai, chống viêm tái phát. Tạo môi trường thuận lợi giúp mô bào trong tai phát triển khỏe mạnh.', 'image/img-product/ho tro/cho meo/auris-clean.jpg', 7500, 0, 3),
(3, 'B.COMPLEX', 'Phòng và điều trị các bệnh do thiếu Vitamin nhóm B ở chó, mèo. Bổ sung các vitamin nhóm B cho cơ thể, giúp tăng cường sức đề kháng, phòng chống stress, phục hồi nhanh sau khi ốm, giúp tăng cường sự trao đổi chất, giúp hấp thu tối đa thức ăn, chống còi xươ', 'image/img-product/ho tro/cho meo/b.complex.jpg', 6000, 0, 3),
(4, 'AC IODINE', 'Thuốc sát khuẩn, chống nấm', 'image/img-product/ho tro/cho meo/ac iodine.jpg', 45000, 0, 3),
(5, 'AC Amitraz', 'Trị ghẻ, ve, chấy, rận, bọ chét trên chó, mèo.', 'image/img-product/dac tri/cho meo/ac amitraz.jpg', 38000, 0, 1),
(6, 'Anpar', 'Trị giun, sán.', 'image/img-product/ho tro/cho meo/6-1.jpg', 117000, 0, 3),
(7, 'Ac Dovet-Tab', 'Trị viêm mũi, viêm amidan, viêm phế quản-phổi gây ho, chảy nước mũi, nhiễm khuẩn dạ dày - ruột, \r\nnhiễm khuẩn da, viêm khớp, viêm vú, viêm tử cung.', 'image/img-product/khang sinh/cho meo/7-1.jpg', 185000, 0, 2),
(8, 'AC Ivemectin', 'Trị nội, ngoại ký sinh trùng', 'image/img-product/dac tri/cho meo/ac ivemectin.jpg', 12500, 0, 1),
(9, 'Ac Marbotab', ' Trị viêm da, nhiễm trùng đường tiết niệu, hô hấp trên chó, mèo.', 'image/img-product/dac tri/cho meo/ac marbotab.jpg', 245000, 0, 1),
(10, 'AC Pet Comfeel', 'Trị ve, ghẻ, chấy, rận, bọ chét trên chó, mèo.', 'image/img-product/ho tro/cho meo/ac pet comfell.jpg', 195000, 0, 3),
(11, 'Ac Genta Lyosin', 'Thuốc đặc trị các bệnh nhiễm trùng cấp: Viêm ruột, kiết lỵ, ỉa ra máu tươi, nôn mửa, bỏ ăn, bại liệt. Điều trị viêm phổi, viêm phế quản. Đặc biệt điều trị bệnh Ho cũi chó, suyễn, Lepto, Viêm đường niệu, sinh dục, tử cung gây xảy thai, Bệnh viêm đa khớp, t', 'image/img-product/khang sinh/cho meo/ac genta tylosin.jpg', 64000, 0, 2),
(12, 'Bio Amcoli-Plus', 'Phòng trị viêm ruột tiêu chảy, viêm xoang mũi, viêm móng, viêm khớp.', 'image/img-product/dac tri/cho meo/bio amcoli plus.jpg', 5500, 0, 1),
(13, 'Bio-Doxy Tabs', 'Chó, mèo: Chuyên trị nhiễm trùng đường hô hấp như viêm mũi, viêm hạch amidan và viêm phế quản do Pasteurella spp, Bordetella bronchiseptica, Staphylococcus aureus, Staphylococcus spp và Streptococcus spp; nhiễm ký sinh trùng Toxoplasma.', 'image/img-product/khang sinh/cho meo/bio doxy tabs.jpg', 11700, 0, 2),
(14, 'Bio Finil', 'Diệt ve, rận, bọ chét ở chó, mèo.', 'image/img-product/ho tro/cho meo/bio finil.jpg', 87500, 0, 3),
(15, 'BIO - GENTAZOL', 'Trị viêm tai ngoài trên chó.', 'image/img-product/dac tri/cho meo/bio gentazol.jpg', 25000, 0, 1),
(16, 'Bio Milk', 'BIO MILK For Pet với thành phần giàu chất dinh dưỡng, cân đối và rất dễ tiêu hóa tương tự sữa mẹ, có tác dụng thay thế sữa mẹ trong trường hợp chó, mèo mất sữa, kém sữa hoặc thiếu sữa do bầy con quá đông, đồng thời là nguồn bổ sung chất dinh dưỡng cho chó', 'image/img-product/ho tro/cho meo/bio milk.jpg', 45000, 0, 3),
(17, 'Bio Rantel', 'Tẩy sạch các loại giun sán ký sinh trong ruột chó, mèo như: Giun đũa, giun móc, giun tóc, sán dây.', 'image/img-product/dac tri/cho meo/bio rantel plus.jpg', 60000, 0, 1),
(18, 'Bio Scour W.S.P', 'Đặc trị bệnh viêm ruột, tiêu chảy, ó mửa ở chó, mèo.', 'image/img-product/khang sinh/cho meo/Bio Scour W.S.P.jpg', 29000, 0, 2),
(19, 'Bio Shampo 4 Jolie', 'Dùng để tắmchó và mèo. Làm sạch lông, chống rụng lông. Khử mùi hôi. Dưỡng lông, giúp lông siêu mượt. Phòng ngừa nhiễm ghẻ và nấm da.', 'image/img-product/ho tro/cho meo/Bio Shampo 4 Jolie.jpg', 97400, 0, 3),
(20, 'Bio Shampoo5 (derma)', 'Phòng và trị ghẻ trên chó do demodex, sarcoptes, bọ chét kết hợp với nấm da gây triệu chứng: Hôi lông, rụng lông, khô da hoặc chảy dịch vàng, chảy máu trên da.', 'image/img-product/ho tro/cho meo/Bio Shampoo5 (derma).jpg', 75000, 0, 3),
(21, 'Bio Vit Plus', 'Cung cấp vitamin và chất điện giải giúp thú cưng mau lành bệnh, ăn nhiều, bộ lông bóng mượt, chống rụng lông cho chó, mèo.', 'image/img-product/ho tro/cho meo/Bio Vit plus.jpg', 4800, 0, 3),
(22, 'Biotic', 'Cung cấp vitamin và vi khuẩn có lợi, tăng cường tiêu hóa, phòng ngừa viêm ruột, tiêu chảy, phù đầu trên gia súc, gia cầm, thú cưng.', 'image/img-product/ho tro/cho meo/Biotic.jpg', 7000, 0, 3),
(23, 'Drich Doxy Sul Trep', 'Đặc trị các bệnh chó mèo: Kiết lị, ỉa ra máu tươi, sốt, nôn mửa, bỏ ăn. Viêm mũi, xoang, phế quản, phổi. Viêm tử cung, vú, khớp, móng. Nhiễm trùng sau sinh sản.', 'image/img-product/khang sinh/cho meo/Drich Doxy Sul Trep.jpg', 123750, 0, 2),
(24, 'ND Ketomycin', 'Đặc trị các bệnh nấm toàn thân, đường tiêu hóa, sinh dục và tiết niệu. Biểu hiện như: Rụng lông, nổi mụn từ trong da, thối lỗ chân lông, bong vẩy, nứt da thịt…. Bảo vệ vết thương, chống nhiễm khuẩn, nhiễm nấm, giúp vết thương mau lành.', 'image/img-product/dac tri/cho meo/ND Ketomycin.jpg', 37000, 0, 1),
(25, 'VB Livo Plus For Pet', ' Bảo vệ gan, thận trong các bệnh gây tổn thương trên gan, thận như: Ký sinh trùng đường máu. Đào thải những chất độc ở gan, thận và trong cơ thể khi mắc bệnh hoặc sau khi điều trị bằng kháng sinh, gan nhiễm mỡ. Tăng miễn dịch, tăng sức đề kháng, tăng tiết', 'image/img-product/ho tro/cho meo/VB Livo Plus For Pet.jpg', 66000, 0, 3),
(26, 'VMD Diptivet', 'Trị nhiễm trùng đường hô hấp trên heo do vi khuẩn nhạy với Tildipirosin gây ra (như viêm phổi-màng phổi, tụ huyết trùng, viêm teo xoang mũi truyền nhiễm, bệnh Glasser-viêm đa xoang', 'image/img-product/ho tro/cho meo/VMD Diptivet.jpg', 21200, 0, 3),
(27, 'VMD Micona shampoo', 'Dùng để tắm cho chó và mèo.\r\n- Micona Shampoo chứa các hoạt chất đặc biệt và mùi hương dịu nhẹ giúp làm sạch lông, chống rụng lông, giữ ẩm da, khử mùi hôi, dưỡng lông, giúp lông siêu mượt.\r\n- Phòng trị các bệnh da lông rất thường xảy ra trên thú cưng như:', 'image/img-product/ho tro/cho meo/VMD Micona shampoo.jpg', 145000, 0, 3),
(28, 'Viavet AZ Doxy 50%S', 'Gia cầm: Đặc trị viêm mũi, viêm phổi (CRD), viêm phổi ghép, viêm đường tiêu hóa với các biểu hiện: hen nặng, hen sưng phù đầu, hen ghép E.coli kết hợp (CCRD), hen ghép tiêu chảy, Coryza, bạch lỵ, thương hàn. \r\nHeo: Đặc trị bệnh viêm phổi do Mycoplasma gây', 'image/img-product/khang sinh/gia cam gia suc/viavet az doxy.jpg', 2750000, 0, 2),
(29, 'Via Floazmax 50 (FLO 50%)', 'Gia cầm: Đặc trị (CRD) - khò khe, CRD sưng đầu, CRD ghép E.coli kết hợp (CCRD), CRD ghép ORT, CRD ghép tiêu chảy, Coryza, bạch lỵ, thương hàn.\r\nHeo: Đặc trị bệnh viêm phổi do Mycoplasma gây ho khan, ho kéo dài; viêm phổi dính sườn, phó thương hàn, tụ huyế', 'image/img-product/khang sinh/gia cam gia suc/via floazmax.jpg', 2200000, 0, 2),
(30, 'VIAVET Flotec 25', 'AZ.FLOTEC 25 được đặc chế cho gia cầm. Đặc trị: ORT, CRD (bệnh hen gà), hen sưng phù đầu, hen ghép E.coli kết hợp (CCRD), CRD ghép tiêu chảy, CRD ghép Coryza, bạch lỵ, thương hàn. Hiệu quả cao khi các thuốc khác đã bị nhờn.', 'image/img-product/khang sinh/gia cam/VIAVET Flotec 25.jpg', 1650000, 0, 2),
(31, 'VB MOZILA ( AMOX 50% COLISTIN)', 'Trị tụ huyết trùng, hô hấp, viêm ruột hoại tử thương hàn, tiêu chảy, phân xanh, phân vàng, viêm da, viêm vú viêm tử cung trên trâu, bò, lợn, gia cầm.', 'image/img-product/khang sinh/gia cam gia suc/vb mozila.jpg', 1250000, 0, 2),
(32, 'VIAVET A FLODOX C Premix', '- Gà, vịt, ngan, cút: Đặc trị các bệnh đường hô hấp như: hen khò khè khó thở (CRD), bệnh hen ghép E.coli (CCRD), tụ huyết trùng (toi), thương hàn, sưng mặt, vẩy mỏ ( bệnh hen khẹc ở ngan, vịt), viêm ruột - tiêu chảy.\r\n- Heo, trâu, bò, dê, cừu: Đặc trị các', 'image/img-product/khang sinh/gia cam gia suc/VIAVET A FLODOX C Premix.jpg', 760000, 0, 2),
(33, 'Viavet GENTA TYLOSIN', 'Trâu, bò, heo, dê, bê, chó: viêm phổi, ho suyễn, chảy nước mũi, kiết lỵ, ỉa ra máu. Bệnh phân trắng, phân vàng, bệnh sưng phù đầu của heo con.\r\nGà, vịt, ngan, chim cút: hen gà (CRD) thở khò khè, hen ghép đi ỉa, hen sưng đầu, khẹc vịt, bại liệt, sưng đầu, ', 'image/img-product/khang sinh/gia cam gia suc/Viavet GENTA TYLOSIN.jpg', 520000, 0, 2),
(34, 'ND Coli Amoxy', 'Trâu bò, dê cừu: Điều trị các bệnh đường tiêu hóa, hô hấp, đặc biệt các bệnh do E.coli, tụ huyết trùng. Gà, vịt: Tiêu chảy nặng, phân có dịch nhầy màu nâu, xanh hoặc trắng, viêm ruột hoại tử, viêm khớp, viêm rốn, viêm phổi…\r\nLợn: Tiêu chảy nhiều gây mất n', 'image/img-product/khang sinh/gia cam gia suc/ND Coli Amoxy.jpg', 510000, 0, 2),
(35, 'Bio Amox Tyloxin', 'Phòng ngừa và điều trị rất công hiệu bệnh đường HÔ HẤP (CRD ở gia cầm, viêm phổi do Mycoplasma ở heo), nhiễm trùng đường TIÊU HÓA, tiêu chảy, nhiễm trùng cơ quan TIẾT NIỆU và SINH DỤC.', 'image/img-product/khang sinh/gia cam gia suc/Bio Amox tyloxin.jpg', 349800, 0, 2),
(36, 'Bio AMPI COLI MAX', 'Đặc trị các bệnh tiêu chảy phân xanh, phân trắng, phân vàng nhớt có máu, thương hàn, sưng phù đầu, tụ huyết trùng, viêm phổi, viêm màng phổi gây ra bởi vi khuẩn E.coli, Salmonella, Clostridium, Mycoplasma, Heamophilus spp.', 'image/img-product/dac tri/gia cam gia suc/Bio AMPI COLI MAX.jpg', 320000, 0, 1),
(37, 'NThai TIC', 'Lợn: Điều trị phân trắng, phân vàng, phân bùn, hồng lỵ (kiết lỵ), ỉa chảy mất nước, bệnh phù thũng lợn con, viêm ruột hoại tử, tụ huyết trùng, thương hàn…\r\n  Gà, vịt, ngan, ngỗng, chim cút: phân xanh, phân trắng, phân nhớt vàng, mào tham, phó thương hàn, ', 'image/img-product/khang sinh/gia cam gia suc/NThai TIC 10g.jpg', 320000, 0, 2),
(38, 'ND TD Ceftisol (ceftifour) LA', 'Đặc trị viêm vú, viêm vú tiềm ẩn, viêm vú soma, viêm vú mất sữa (MMA), viêm tử cung, viêm móng, viêm ruột tiêu chảy, viêm phổi, viêm màng phổi, phổi dính sườn, phổi hóa mủ, ho, hen suyễn, sốt bỏ ăn không rõ nguyên nhân, các bệnh kế phát của bệnh tai xanh ', 'image/img-product/khang sinh/gia suc/ND TD Ceftisol (ceftifour) LA.jpg', 299000, 0, 2),
(39, 'ND Bactan LA', 'Đặc trị viêm vú, viêm tử cung, cạn sữa, tiêu chảy, nhiễm trùng đường hô hấp, hen suyễn, viêm phổi, viêm màng phổi, kế phát bệnh truyền nhiễm tai xanh (sốt đỏ, PRRS), LMLM, viêm da, viêm kẽ móng, viêm đường tiết niệu, tụ huyết trùng, phó thương hàn, lepto,', 'image/img-product/dac tri/cho meo gia suc/ND Bactan LA.jpg', 298000, 0, 1),
(40, 'VIAVET Ceftiketo', '- Đặc trị viêm phổi truyền nhiễm, viêm phổi dính sườn (APP), glasser, viêm\r\nphổi, viêm phế quản, viêm hoại tử, liên cầu khuẩn, nhiễm trùng mô mềm,\r\nviêm cơ, áp xe, tụ huyết trùng trên trâu, bò, ngựa, dê, cừu, heo.\r\n- Trị chứng viêm vú, sốt sữa, viêm tử cu', 'image/img-product/dac tri/gia suc/VIAVET Ceftiketo.jpg', 285000, 0, 1),
(41, 'Viavet Amox LA 20%', 'Đặc trị tất cả các bệnh truyền nhiễm gây ra bởi vi khuẩn nhạy cảm với Amoxicillin như: Bệnh viêm phổi dính sườn(APP), viêm đường tiết niệu - sinh dục, viêm vú - viêm tử cung - mất sữa (MMA), viêm da tiết dịch, viêm ruột hoại tử, hồng lỵ, tụ huyết trùng, đ', 'image/img-product/dac tri/gia suc/viavet amox la 20.jpg', 165000, 0, 1),
(42, 'Bio Tylo Dox Plus', '-Phòng và trị các bệnh nhiễm trùng đường hô hấp như bệnh viêm phổi, tụ huyết trùng, khò khè, CRD, bệnh suyển heo gây ra bởi Mycoplasma.\r\n-Phòng và trị các bệnh nhiễm trùng đường tiêu hóa gây tiêu chảy, bệnh hồng lỵ, phó thương hàn, E.coli ở heo, bê, nghé,', 'image/img-product/khang sinh/gia cam gia suc/Bio Tylo Dox Plus.jpg', 143300, 0, 2),
(43, 'Việt Anh Amoxyl LA 15%', 'Đặc trị các bệnh nhiễm khuẩn tiêu hóa (E.coli, Clostridium spp., sưng phù đầu, viêm dạ dày-ruột…), hô hấp (viêm phế quản-phổi, suyễn, APP…), niệu-sinh dục (M.M.A, sốt sữa viêm bàng quang, niệu đạo…), Lepto, đóng dấu, tụ huyết trùng, khớp, mô mềm và da, ho', 'image/img-product/dac tri/cho meo gia suc/vietanh amoxyl.jpg', 135000, 0, 1),
(44, 'Bio Marcosone', 'Trị bệnh truyền nhiễm do vi khuẩn Gr(-), Gr(+) v Mycoplasma.', 'image/img-product/dac tri/all/Bio Marcosone.jpg', 120000, 0, 1),
(45, 'Bio Apracin 200', 'Trị viêm đường tiêu hoá, hô hấp, viêm vú, viêm khớp trên bê, nghé, heo, dê, cừu, chó, mèo.', 'image/img-product/dac tri/cho meo gia suc/Bio Apracin 200.jpg', 119000, 0, 1),
(46, 'Bio Linco', 'Điều trị nhiễm trùng hô hấp, tiêu hóa, sinh dục, ngoài da, áp xe', 'image/img-product/khang sinh/all/Bio Linco 100ml.jpg', 78000, 0, 1),
(47, 'Bio Codexin', 'Đặc trị các bệnh nhiễm trùng trên gia súc, gia cầm:\r\n Heo: Phù đầu, viêm ruột tiêu chảy, viêm phổi, tụ huyết trùng, viêm vú, viêm tử cung, hội chứng MMA. \r\nTrâu, bò, dê, cừu: Viêm vú, viêm tử cung, viêm ruột tiêu chảy, viêm phổi, đau móng. \r\nChó, mèo: Viê', 'image/img-product/khang sinh/all/Bio Codexin.jpg', 48800, 0, 2),
(48, 'Bio CRD (Spiramycin + Oxytetra + Brom)', 'Trị nhiễm trùng đường hô hấp như: CRD, CRD kết hợp E.coli, viêm xoang mũi, viêm phổi trên gà, vịt, cút.', 'image/img-product/khang sinh/gia cam/Bio CRD (Spiramycin + Oxytetra + Brom).jpg', 38000, 0, 2),
(49, 'Viavet Apracoli', 'Đặc hiệu với bệnh sưng phù đầu do E.coli dung huyết ở heo con với các biểu hiện: Sưng phù đầu, hầu, họng, mí mắt, kêu khản tiếng, co giật, đâm đầu vào tường, thường chết con to, chết nhanh. Đặc biệt hiệu quả trong điều trị các biểu hiện kế phát như: Phân ', 'image/img-product/khang sinh/cho meo gia suc/Viavet Apracoli.jpg', 21000, 0, 2),
(50, 'Viavet Achymosin', 'Sự kết hợp đặc biệt giữa Alfachymotrypsin và Trypsin giúp:\r\n- Tiêu viêm bằng cách phá hủy các phản ứng miễn dịch gây ra sự tích lũy fibrine trong các xoang, đường hô hấp.\r\n- Tăng vi tuần hoàn trong mô bị viêm nhờ hoạt động tiêu sợi huyết, đánh tan máu bầm', 'image/img-product/dac tri/all/Viavet Achymosin.jpg', 460000, 0, 1),
(51, 'VIME Tobra', ' Đặc trị viêm vú, viêm tử cung, viêm tiết niệu.', 'image/img-product/dac tri/all/VIME Tobra.jpg', 350000, 0, 1),
(52, 'ND Eco Para C', '– Đặc trị cảm cúm, hạ sốt tiêu viêm, an thần, giảm đau, tăng lực,  ngăn ngừa stress, hỗ trợ điều trị bệnh truyền nhiễm. Các bệnh sốt không rõ nguyên nhân ở lợn, gà, vịt, ngan, cút như: Sốt đỏ kế phát bệnh lepto, tụ huyết trùng, phó thương hàn ở lợn. Bệnh ', 'image/img-product/dac tri/all/ND Eco Para C.jpg', 205000, 0, 1),
(53, 'Bio Bromhexine', 'Giảm ho, long đờm, chống co thắt phế quản khi viêm phế quản, viêm thanh phế quản truyền nhiễm, viêm phổi, suyễn, CRD ở gia súc, gia cầm.', 'image/img-product/dac tri/gia cam gia suc/Bio Bromhexine.jpg', 135900, 0, 1),
(54, 'Bio Ketosol 100', 'Thuốc có tác dụng giảm đau hạ sốt nhanh, giảm phù nề và kháng viêm thuộc nhóm không steroid\r\n- Heo: kết hợp với kháng sinh để trị đường hô hấp; viêm vú, viêm tử cung, mất sữa (hội chứng MMA).\r\n- Trâu, bò, dê, cừu: Hỗ trợ điều trị bệnh viêm vú, viêm phổi c', 'image/img-product/dac tri/cho meo gia suc/Bio Ketosol 100.jpg', 105000, 0, 1),
(55, 'Bio Diclofenac', 'Kháng viêm, giảm đau, hạ sốt trên trâu, bò, ngựa, dê, cừu, heo, chó, mèo.', 'image/img-product/dac tri/cho meo gia suc/Bio Diclofenac.jpg', 59000, 0, 1),
(56, 'Bio Cep Mas', 'Điều trị bệnh viêm vú do Staphylococcus aureus, Streptococcus dysgalactiae, E.coli trên bò, dê, cừu đang cho sữa.', 'image/img-product/dac tri/gia suc/Bio Cep Mas.jpg', 48000, 0, 1),
(57, 'Bio Dexa', 'Heo, trâu, bò, ngựa, dê, cừu, chó, mèo: Chống dị ứng, kích thích cơ thể gia tăng phân giải gluco nhằm chống stress, chống viêm trong các bệnh nhiễm trùng hoặc các trường hợp viêm không do nhiễm trùng.', 'image/img-product/dac tri/cho meo gia suc/Bio Dexa.jpg', 44400, 0, 1),
(58, 'Bio Anazin C', 'Heo, trâu, bò, dê, cừu, chó, mèo:Hạ sốt trong các bệnh nhiễm trùng cấp, kháng viêm, chống stress, giảm đau.', 'image/img-product/dac tri/cho meo gia suc/Bio Anazin C.jpg', 330000, 0, 1),
(59, 'ND Eco Brom Ho', 'Long đờm, thải đờm giảm ho, cắt cơn hen suyễn. Hỗ trợ và điều trị bệnh viêm phế quản, phổi, viêm phổi phế, tụ huyết trùng, viêm xoang, viêm teo mũi truyền nhiễm và các bệnh truyền nhiễm khác gây ho do nhiễm vi khuẩn, vi rút. Bệnh CRD, CCRD, ORT, sưng phù ', 'image/img-product/dac tri/all/ND Eco Brom Ho.jpg', 36000, 0, 1),
(60, 'NThai Anti Gum (Para 20% + Neomycin)', '- Thuốc đặc trị Gumboro và Gumboro ghép E.coli, hỗ trợ điều trị các bệnh nhiễm trùng gây sốt như: \r\n- Bệnh viêm gan ruột thừa truyền nhiễm, \r\n- Ký sinh trùng máu (Leucocytozoonosis), Niu cát-xơn, cúm gà, tụ huyết trùng,... \r\n- Chống bội nhiễm do các vi kh', 'image/img-product/dac tri/gia cam/NThai Anti Gum.jpg', 35200, 0, 1),
(61, 'Bio Bromhexine', 'Giảm ho, long đờm, chống co thắt phế quản trong các bệnh viêm phế quản, viêm phổi ở gia súc.', 'image/img-product/dac tri/cho meo gia suc/Bio Bromhexine.jpg', 26200, 0, 1),
(62, 'BETA GLUCAN C', '- Cung cấp các vitamin, khoáng, acid amin và đặc biệt là Beta-Glucan cho vật nuôi, giúp vật nuôi có sức đề kháng tốt để chống đỡ bệnh. Beta-Glucan là chất có tác dụng kích thích hệ thống miễn dịch tự nhiên của cơ thể sinh kháng thể để phòng ngừa các bệnh:', 'image/img-product/ho tro/gia cam gia suc/beta glucan.jpg', 179000, 0, 3),
(63, 'Bio Metasal', 'Điều chỉnh rối loạn trao đổi chất do mắc bệnh hoặc do thiếu dinh dưỡng, giúp thú mau hồi phục khi mắc bệnh, mau lớn.\r\nPhục hồi các rối loạn sinh sản như khô thai, sẩy thai, chậm động dục sau khi sanh trên trâu, bò, dê, cừu; chậm lên giống sau khi cai sữa ', 'image/img-product/ho tro/all/Bio Metasal.jpg', 165800, 0, 3),
(64, 'ND Butosal', ' Butosal kích thích quá trình chuyển hóa các chất và điều chỉnh tất cả các rối loạn trao đổi chất gây ra do thức ăn, chăm sóc kém, dịch bệnh. \r\nRối loạn dinh dưỡng và tăng trưởng kém ở thú non do bệnh tật. \r\nĐiều trị bệnh ở thời kỳ sinh sản và hỗ trợ điều', 'image/img-product/ho tro/all/ND Butosal.jpg', 136000, 0, 3),
(65, 'Viavet Atropin Max', '- Giảm đau, giảm nhu động co thắt ruột, bệnh lồng ruột, viêm ruột cấp. Ngăn ngừa ngừng tim và hô hấp trong gâp mê; giảm sự tiết dịch phế quản trong gây mê.\r\n- Kết hợp với kháng sinh điều trị phù phổi gia súc, đặc biệt viêm phổi cấp tính ở ngựa.\r\n- Kích th', 'image/img-product/ho tro/all/Viavet Atropin Max.jpg', 64000, 0, 3),
(66, 'Bio Sorbitol B12', 'Tăng cường chức năng gan, tăng khả năng tiêu hóa, phòng ngừa ngộ độc do độc tố của nấm mốc, bệnh gan nhiễm mỡ, giúp hồi phục cơ thể sau các bệnh nhiễm trùng trên heo, heo con, gia cầm.', 'image/img-product/ho tro/gia cam gia suc/Bio Sorbitol B12.jpg', 94000, 0, 3);

-- --------------------------------------------------------

--
-- Cấu trúc bảng cho bảng `tintuc`
--

CREATE TABLE `tintuc` (
  `id` int(11) NOT NULL,
  `tentintuc` varchar(255) NOT NULL,
  `nguoidang` varchar(255) NOT NULL,
  `ngaydang` date NOT NULL,
  `mota` varchar(255) NOT NULL,
  `noidung` text NOT NULL,
  `id_nguoidung` int(11) NOT NULL
) ENGINE=InnoDB DEFAULT CHARSET=utf8 COLLATE=utf8_unicode_ci;

--
-- Chỉ mục cho các bảng đã đổ
--

--
-- Chỉ mục cho bảng `chitietsanpham`
--
ALTER TABLE `chitietsanpham`
  ADD PRIMARY KEY (`id`),
  ADD KEY `fk` (`id_sp`);

--
-- Chỉ mục cho bảng `ct_hoadon`
--
ALTER TABLE `ct_hoadon`
  ADD PRIMARY KEY (`id`),
  ADD KEY `id_hoadon` (`id_hoadon`),
  ADD KEY `id_sanpham` (`id_sanpham`);

--
-- Chỉ mục cho bảng `hoadon`
--
ALTER TABLE `hoadon`
  ADD PRIMARY KEY (`id`),
  ADD KEY `id_ngdung` (`id_ngdung`);

--
-- Chỉ mục cho bảng `loaisp`
--
ALTER TABLE `loaisp`
  ADD PRIMARY KEY (`id`);

--
-- Chỉ mục cho bảng `nguoidung`
--
ALTER TABLE `nguoidung`
  ADD PRIMARY KEY (`id`);

--
-- Chỉ mục cho bảng `sanpham`
--
ALTER TABLE `sanpham`
  ADD PRIMARY KEY (`id`),
  ADD KEY `loaisp` (`id_loaisp`);

--
-- Chỉ mục cho bảng `tintuc`
--
ALTER TABLE `tintuc`
  ADD PRIMARY KEY (`id`),
  ADD KEY `idtaikhoan` (`id_nguoidung`);

--
-- AUTO_INCREMENT cho các bảng đã đổ
--

--
-- AUTO_INCREMENT cho bảng `chitietsanpham`
--
ALTER TABLE `chitietsanpham`
  MODIFY `id` int(11) NOT NULL AUTO_INCREMENT, AUTO_INCREMENT=67;

--
-- AUTO_INCREMENT cho bảng `ct_hoadon`
--
ALTER TABLE `ct_hoadon`
  MODIFY `id` int(11) NOT NULL AUTO_INCREMENT;

--
-- AUTO_INCREMENT cho bảng `hoadon`
--
ALTER TABLE `hoadon`
  MODIFY `id` int(11) NOT NULL AUTO_INCREMENT;

--
-- AUTO_INCREMENT cho bảng `loaisp`
--
ALTER TABLE `loaisp`
  MODIFY `id` int(11) NOT NULL AUTO_INCREMENT, AUTO_INCREMENT=4;

--
-- AUTO_INCREMENT cho bảng `nguoidung`
--
ALTER TABLE `nguoidung`
  MODIFY `id` int(11) NOT NULL AUTO_INCREMENT, AUTO_INCREMENT=3;

--
-- AUTO_INCREMENT cho bảng `sanpham`
--
ALTER TABLE `sanpham`
  MODIFY `id` int(11) NOT NULL AUTO_INCREMENT, AUTO_INCREMENT=67;

--
-- AUTO_INCREMENT cho bảng `tintuc`
--
ALTER TABLE `tintuc`
  MODIFY `id` int(11) NOT NULL AUTO_INCREMENT;

--
-- Các ràng buộc cho các bảng đã đổ
--

--
-- Các ràng buộc cho bảng `chitietsanpham`
--
ALTER TABLE `chitietsanpham`
  ADD CONSTRAINT `fk` FOREIGN KEY (`id_sp`) REFERENCES `sanpham` (`id`);

--
-- Các ràng buộc cho bảng `ct_hoadon`
--
ALTER TABLE `ct_hoadon`
  ADD CONSTRAINT `id_hoadon` FOREIGN KEY (`id_hoadon`) REFERENCES `hoadon` (`id`),
  ADD CONSTRAINT `id_sanpham` FOREIGN KEY (`id_sanpham`) REFERENCES `sanpham` (`id`);

--
-- Các ràng buộc cho bảng `hoadon`
--
ALTER TABLE `hoadon`
  ADD CONSTRAINT `id_ngdung` FOREIGN KEY (`id_ngdung`) REFERENCES `nguoidung` (`id`);

--
-- Các ràng buộc cho bảng `sanpham`
--
ALTER TABLE `sanpham`
  ADD CONSTRAINT `loaisp` FOREIGN KEY (`id_loaisp`) REFERENCES `loaisp` (`id`);

--
-- Các ràng buộc cho bảng `tintuc`
--
ALTER TABLE `tintuc`
  ADD CONSTRAINT `idtaikhoan` FOREIGN KEY (`id_nguoidung`) REFERENCES `nguoidung` (`id`);
COMMIT;

/*!40101 SET CHARACTER_SET_CLIENT=@OLD_CHARACTER_SET_CLIENT */;
/*!40101 SET CHARACTER_SET_RESULTS=@OLD_CHARACTER_SET_RESULTS */;
/*!40101 SET COLLATION_CONNECTION=@OLD_COLLATION_CONNECTION */;
